Postcode;Plaatsnaam;Localité;Provincie
0612;Sinterklaas;Saint-Nicolas;
1000;BRUSSEL;BRUXELLES;Brussel (19 gemeenten)
1005;Verenigde Vergadering van de Gemeenschappelijke ;Assemblée Réunie de la Commission Communautaire;
1006;Raad van de Vlaamse Gemeenschapscommissie;Raad van de Vlaamse Gemeenschapscommissie ;
1007;Assemblée de la Commission Communautaire Française;Assemblée de la Commission Communautaire Française;
1008;Kamer van Volksvertegenwoordigers;Chambre des Représentants;
1009;Belgische Senaat;Senat de Belgique;
1011;Vlaams Parlement;Vlaams parlement;
1012;Parlement de la communauté française;Parlement de la Communauté française;
1020;Laken;Laeken;Brussel (19 gemeenten)
1030;SCHAARBEEK;SCHAERBEEK;Brussel (19 gemeenten)
1031;Christelijke Sociale Organisaties;Organisations Sociales Chrétiennes;
1033;RTL-TVI;RTL-TVI;
1035;Ministerie van het Brussels Hoofdstedelijk Gewest;Ministère de la Région de Bruxelles Capitale;
1040;ETTERBEEK;ETTERBEEK;Brussel (19 gemeenten)
1041;International press center;International Press Center;
1043;VRT;VRT;
1044;RTBF;RTBF;
1045;DIV -- obsolete - use 1212 instead;DIV -- obsolete - use 1212 instead;
1046;European External Action Service;European External Action Service;
1047;Europees Parlement;Parlement Européen;
1048;Europese unie - Raad;Union Européenne - Conseil;
1049;Europese unie - Commissie;Union Européenne - Commission;
1050;ELSENE;IXELLES;Brussel (19 gemeenten)
1060;SINT-GILLIS;SAINT-GILLES;Brussel (19 gemeenten)
1070;ANDERLECHT;ANDERLECHT;Brussel (19 gemeenten)
1080;SINT-JANS-MOLENBEEK;MOLENBEEK-SAINT-JEAN;Brussel (19 gemeenten)
1081;KOEKELBERG;KOEKELBERG;Brussel (19 gemeenten)
1082;SINT-AGATHA-BERCHEM;BERCHEM-SAINTE-AGATHE;Brussel (19 gemeenten)
1083;GANSHOREN;GANSHOREN;Brussel (19 gemeenten)
1090;JETTE;JETTE;Brussel (19 gemeenten)
1099;Brussel X;Bruxelles X;
1100;Postcheque;Postcheque;
1101;Scanning;Scanning;
1105;SOC;SOC;
1110;NATO;OTAN;
1120;Neder-Over-Heembeek;Neder-Over-Heembeek;Brussel (19 gemeenten)
1130;Haren;Haren;Brussel (19 gemeenten)
1140;EVERE;EVERE;Brussel (19 gemeenten)
1150;SINT-PIETERS-WOLUWE;WOLUWE-SAINT-PIERRE;Brussel (19 gemeenten)
1160;OUDERGEM;AUDERGHEM;Brussel (19 gemeenten)
1170;WATERMAAL-BOSVOORDE;WATERMAEL-BOITSFORT;Brussel (19 gemeenten)
1180;UKKEL;UCCLE;Brussel (19 gemeenten)
1190;VORST;FOREST;Brussel (19 gemeenten)
1200;SINT-LAMBRECHTS-WOLUWE;WOLUWE-SAINT-LAMBERT;Brussel (19 gemeenten)
1201;RTL-TVI -- obsolete - use 1033 instead;RTL-TVI -- obsolete - use 1033 instead;
1210;SINT-JOOST-TEN-NOODE;SAINT-JOSSE-TEN-NOODE;Brussel (19 gemeenten)
1212;FOD Mobiliteit;SPF Mobilité;
1300;Limal;Limal;Waals-Brabant
1300;WAVRE;WAVRE;Waals-Brabant
1301;Bierges;Bierges;Waals-Brabant
1310;LA HULPE;LA HULPE;Waals-Brabant
1315;Glimes;Glimes;Waals-Brabant
1315;INCOURT;INCOURT;Waals-Brabant
1315;Opprebais;Opprebais;Waals-Brabant
1315;Piètrebais;Piètrebais;Waals-Brabant
1315;Roux-Miroir;Roux-Miroir;Waals-Brabant
1320;BEAUVECHAIN;BEAUVECHAIN;Waals-Brabant
1320;Hamme-Mille;Hamme-Mille;Waals-Brabant
1320;L'Ecluse;L'Ecluse;Waals-Brabant
1320;Nodebais;Nodebais;Waals-Brabant
1320;Tourinnes-La-Grosse;Tourinnes-La-Grosse;Waals-Brabant
1325;Bonlez;Bonlez;Waals-Brabant
1325;CHAUMONT-GISTOUX;CHAUMONT-GISTOUX;Waals-Brabant
1325;Corroy-Le-Grand;Corroy-Le-Grand;Waals-Brabant
1325;Dion-Valmont;Dion-Valmont;Waals-Brabant
1325;Longueville;Longueville;Waals-Brabant
1330;RIXENSART;RIXENSART;Waals-Brabant
1331;Rosières;Rosières;Waals-Brabant
1332;Genval;Genval;Waals-Brabant
1340;Ottignies;Ottignies;Waals-Brabant
1341;Céroux-Mousty;Céroux-Mousty;Waals-Brabant
1342;Limelette;Limelette;Waals-Brabant
1348;Louvain-La-Neuve;Louvain-La-Neuve;Waals-Brabant
1350;Enines;Enines;Waals-Brabant
1350;Folx-Les-Caves;Folx-Les-Caves;Waals-Brabant
1350;Jandrain-Jandrenouille;Jandrain-Jandrenouille;Waals-Brabant
1350;Jauche;Jauche;Waals-Brabant
1350;Marilles;Marilles;Waals-Brabant
1350;Noduwez;Noduwez;Waals-Brabant
1350;Orp-Le-Grand;Orp-Le-Grand;Waals-Brabant
1357;Linsmeau;Linsmeau;Waals-Brabant
1357;Neerheylissem;Neerheylissem;Waals-Brabant
1357;Opheylissem;Opheylissem;Waals-Brabant
1360;Malèves-Sainte-Marie-Wastines;Malèves-Sainte-Marie-Wastines;Waals-Brabant
1360;Orbais;Orbais;Waals-Brabant
1360;PERWEZ;PERWEZ;Waals-Brabant
1360;Thorembais-Les-Béguines;Thorembais-Les-Béguines;Waals-Brabant
1360;Thorembais-Saint-Trond;Thorembais-Saint-Trond;Waals-Brabant
1367;Autre-Eglise;Autre-Eglise;Waals-Brabant
1367;Bomal;Bomal;Waals-Brabant
1367;Geest-Gérompont-Petit-Rosière;Geest-Gérompont-Petit-Rosière;Waals-Brabant
1367;Gérompont;Gérompont;Waals-Brabant
1367;Grand-Rosière-Hottomont;Grand-Rosière-Hottomont;Waals-Brabant
1367;Huppaye;Huppaye;Waals-Brabant
1367;Mont-Saint-André;Mont-Saint-André;Waals-Brabant
1367;RAMILLIES;RAMILLIES;Waals-Brabant
1370;Dongelberg;Dongelberg;Waals-Brabant
1370;Jauchelette;Jauchelette;Waals-Brabant
1370;JODOIGNE;JODOIGNE;Waals-Brabant
1370;Jodoigne-Souveraine;Jodoigne-Souveraine;Waals-Brabant
1370;Lathuy;Lathuy;Waals-Brabant
1370;Mélin;Mélin;Waals-Brabant
1370;Piétrain;Piétrain;Waals-Brabant
1370;Saint-Jean-Geest;Saint-Jean-Geest;Waals-Brabant
1370;Saint-Remy-Geest;Saint-Remy-Geest;Waals-Brabant
1370;Zétrud-Lumay;Zétrud-Lumay;Waals-Brabant
1380;Couture-Saint-Germain;Couture-Saint-Germain;Waals-Brabant
1380;Lasne-Chapelle-Saint-Lambert;Lasne-Chapelle-Saint-Lambert;Waals-Brabant
1380;Maransart;Maransart;Waals-Brabant
1380;Ohain;Ohain;Waals-Brabant
1380;Plancenoit;Plancenoit;Waals-Brabant
1390;Archennes;Archennes;Waals-Brabant
1390;Biez;Biez;Waals-Brabant
1390;Bossut-Gottechain;Bossut-Gottechain;Waals-Brabant
1390;GREZ-DOICEAU;GREZ-DOICEAU;Waals-Brabant
1390;Nethen;Nethen;Waals-Brabant
1400;Monstreux;Monstreux;Waals-Brabant
1400;NIVELLES;NIVELLES;Waals-Brabant
1401;Baulers;Baulers;Waals-Brabant
1402;Thines;Thines;Waals-Brabant
1404;Bornival;Bornival;Waals-Brabant
1410;WATERLOO;WATERLOO;Waals-Brabant
1414;Promo-Control;Promo-Control;
1420;BRAINE-L'ALLEUD;BRAINE-L'ALLEUD;Waals-Brabant
1421;Ophain-Bois-Seigneur-Isaac;Ophain-Bois-Seigneur-Isaac;Waals-Brabant
1428;Lillois-Witterzée;Lillois-Witterzée;Waals-Brabant
1430;Bierghes;Bierghes;Waals-Brabant
1430;Quenast;Quenast;Waals-Brabant
1430;Rebecq-Rognon;Rebecq-Rognon;Waals-Brabant
1435;Corbais;Corbais;Waals-Brabant
1435;Hévillers;Hévillers;Waals-Brabant
1435;MONT-SAINT-GUIBERT;MONT-SAINT-GUIBERT;Waals-Brabant
1440;BRAINE-LE-CHÂTEAU;BRAINE-LE-CHÂTEAU;Waals-Brabant
1440;Wauthier-Braine;Wauthier-Braine;Waals-Brabant
1450;Chastre-Villeroux-Blanmont;Chastre-Villeroux-Blanmont;Waals-Brabant
1450;Cortil-Noirmont;Cortil-Noirmont;Waals-Brabant
1450;Gentinnes;Gentinnes;Waals-Brabant
1450;Saint-Géry;Saint-Géry;Waals-Brabant
1457;Nil-Saint-Vincent-Saint-Martin;Nil-Saint-Vincent-Saint-Martin;Waals-Brabant
1457;Tourinnes-Saint-Lambert;Tourinnes-Saint-Lambert;Waals-Brabant
1457;Walhain-Saint-Paul;Walhain-Saint-Paul;Waals-Brabant
1460;ITTRE;ITTRE;Waals-Brabant
1460;Virginal-Samme;Virginal-Samme;Waals-Brabant
1461;Haut-Ittre;Haut-Ittre;Waals-Brabant
1470;Baisy-Thy;Baisy-Thy;Waals-Brabant
1470;Bousval;Bousval;Waals-Brabant
1470;GENAPPE;GENAPPE;Waals-Brabant
1471;Loupoigne;Loupoigne;Waals-Brabant
1472;Vieux-Genappe;Vieux-Genappe;Waals-Brabant
1473;Glabais;Glabais;Waals-Brabant
1474;Ways;Ways;Waals-Brabant
1476;Houtain-Le-Val;Houtain-Le-Val;Waals-Brabant
1480;Clabecq;Clabecq;Waals-Brabant
1480;Oisquercq;Oisquercq;Waals-Brabant
1480;Saintes;Saintes;Waals-Brabant
1480;TUBIZE;TUBIZE;Waals-Brabant
1490;COURT-SAINT-ETIENNE;COURT-SAINT-ETIENNE;Waals-Brabant
1495;Marbais;Marbais;Waals-Brabant
1495;Mellery;Mellery;Waals-Brabant
1495;Sart-Dames-Avelines;Sart-Dames-Avelines;Waals-Brabant
1495;Tilly;Tilly;Waals-Brabant
1495;VILLERS-LA-VILLE;VILLERS-LA-VILLE;Waals-Brabant
1500;HALLE;HALLE;Vlaams-Brabant
1501;Buizingen;Buizingen;Vlaams-Brabant
1502;Lembeek;Lembeek;Vlaams-Brabant
1540;Herfelingen;Herfelingen;Vlaams-Brabant
1540;HERNE;HERNE;Vlaams-Brabant
1541;Sint-Pieters-Kapelle;Sint-Pieters-Kapelle;Vlaams-Brabant
1547;BEVER;BIÉVÈNE;Vlaams-Brabant
1560;HOEILAART;HOEILAART;Vlaams-Brabant
1570;GALMAARDEN;GALMAARDEN;Vlaams-Brabant
1570;Tollembeek;Tollembeek;Vlaams-Brabant
1570;Vollezele;Vollezele;Vlaams-Brabant
1600;Oudenaken;Oudenaken;Vlaams-Brabant
1600;Sint-Laureins-Berchem;Sint-Laureins-Berchem;Vlaams-Brabant
1600;SINT-PIETERS-LEEUW;SINT-PIETERS-LEEUW;Vlaams-Brabant
1601;Ruisbroek;Ruisbroek;Vlaams-Brabant
1602;Vlezenbeek;Vlezenbeek;Vlaams-Brabant
1620;DROGENBOS;DROGENBOS;Vlaams-Brabant
1630;LINKEBEEK;LINKEBEEK;Vlaams-Brabant
1640;SINT-GENESIUS-RODE;RHODE-SAINT-GENÈSE;Vlaams-Brabant
1650;BEERSEL;BEERSEL;Vlaams-Brabant
1651;Lot;Lot;Vlaams-Brabant
1652;Alsemberg;Alsemberg;Vlaams-Brabant
1653;Dworp;Dworp;Vlaams-Brabant
1654;Huizingen;Huizingen;Vlaams-Brabant
1670;Bogaarden;Bogaarden;Vlaams-Brabant
1670;Heikruis;Heikruis;Vlaams-Brabant
1670;PEPINGEN;PEPINGEN;Vlaams-Brabant
1671;Elingen;Elingen;Vlaams-Brabant
1673;Beert;Beert;Vlaams-Brabant
1674;Bellingen;Bellingen;Vlaams-Brabant
1700;DILBEEK;DILBEEK;Vlaams-Brabant
1700;Sint-Martens-Bodegem;Sint-Martens-Bodegem;Vlaams-Brabant
1700;Sint-Ulriks-Kapelle;Sint-Ulriks-Kapelle;Vlaams-Brabant
1701;Itterbeek;Itterbeek;Vlaams-Brabant
1702;Groot-Bijgaarden;Groot-Bijgaarden;Vlaams-Brabant
1703;Schepdaal;Schepdaal;Vlaams-Brabant
1730;ASSE;ASSE;Vlaams-Brabant
1730;Bekkerzeel;Bekkerzeel;Vlaams-Brabant
1730;Kobbegem;Kobbegem;Vlaams-Brabant
1730;Mollem;Mollem;Vlaams-Brabant
1731;Relegem;Relegem;Vlaams-Brabant
1731;Zellik;Zellik;Vlaams-Brabant
1733;HighCo DATA;HighCo DATA;
1740;TERNAT;TERNAT;Vlaams-Brabant
1741;Wambeek;Wambeek;Vlaams-Brabant
1742;Sint-Katherina-Lombeek;Sint-Katherina-Lombeek;Vlaams-Brabant
1745;Mazenzele;Mazenzele;Vlaams-Brabant
1745;OPWIJK;OPWIJK;Vlaams-Brabant
1750;Gaasbeek;Gaasbeek;Vlaams-Brabant
1750;Sint-Kwintens-Lennik;Sint-Kwintens-Lennik;Vlaams-Brabant
1750;Sint-Martens-Lennik;Sint-Martens-Lennik;Vlaams-Brabant
1755;GOOIK;GOOIK;Vlaams-Brabant
1755;Kester;Kester;Vlaams-Brabant
1755;Leerbeek;Leerbeek;Vlaams-Brabant
1755;Oetingen;Oetingen;Vlaams-Brabant
1760;Onze-Lieve-Vrouw-Lombeek;Onze-Lieve-Vrouw-Lombeek;Vlaams-Brabant
1760;Pamel;Pamel;Vlaams-Brabant
1760;ROOSDAAL;ROOSDAAL;Vlaams-Brabant
1760;Strijtem;Strijtem;Vlaams-Brabant
1761;Borchtlombeek;Borchtlombeek;Vlaams-Brabant
1770;LIEDEKERKE;LIEDEKERKE;Vlaams-Brabant
1780;WEMMEL;WEMMEL;Vlaams-Brabant
1785;Brussegem;Brussegem;Vlaams-Brabant
1785;Hamme;Hamme;Vlaams-Brabant
1785;MERCHTEM;MERCHTEM;Vlaams-Brabant
1790;AFFLIGEM;AFFLIGEM;Vlaams-Brabant
1790;Essene;Essene;Vlaams-Brabant
1790;Hekelgem;Hekelgem;Vlaams-Brabant
1790;Teralfene;Teralfene;Vlaams-Brabant
1800;Peutie;Peutie;Vlaams-Brabant
1800;VILVOORDE;VILVOORDE;Vlaams-Brabant
1804;Cargovil;Cargovil;
1818;VTM;VTM;
1820;Melsbroek;Melsbroek;Vlaams-Brabant
1820;Perk;Perk;Vlaams-Brabant
1820;STEENOKKERZEEL;STEENOKKERZEEL;Vlaams-Brabant
1830;MACHELEN;MACHELEN;Vlaams-Brabant
1831;Diegem;Diegem;Vlaams-Brabant
1840;LONDERZEEL;LONDERZEEL;Vlaams-Brabant
1840;Malderen;Malderen;Vlaams-Brabant
1840;Steenhuffel;Steenhuffel;Vlaams-Brabant
1850;GRIMBERGEN;GRIMBERGEN;Vlaams-Brabant
1851;Humbeek;Humbeek;Vlaams-Brabant
1852;Beigem;Beigem;Vlaams-Brabant
1853;Strombeek-Bever;Strombeek-Bever;Vlaams-Brabant
1860;MEISE;MEISE;Vlaams-Brabant
1861;Wolvertem;Wolvertem;Vlaams-Brabant
1880;KAPELLE-OP-DEN-BOS;KAPELLE-OP-DEN-BOS;Vlaams-Brabant
1880;Nieuwenrode;Nieuwenrode;Vlaams-Brabant
1880;Ramsdonk;Ramsdonk;Vlaams-Brabant
1910;Berg;Berg;Vlaams-Brabant
1910;Buken;Buken;Vlaams-Brabant
1910;KAMPENHOUT;KAMPENHOUT;Vlaams-Brabant
1910;Nederokkerzeel;Nederokkerzeel;Vlaams-Brabant
1930;Nossegem;Nossegem;Vlaams-Brabant
1930;ZAVENTEM;ZAVENTEM;Vlaams-Brabant
1931;Brucargo;Brucargo;
1932;Sint-Stevens-Woluwe;Sint-Stevens-Woluwe;Vlaams-Brabant
1933;Sterrebeek;Sterrebeek;Vlaams-Brabant
1934;Office Exchange Brussels Airport Remailing;Office Exchange Brussels Airport Remailing;
1935;CORPORATE VILLAGE;CORPORATE VILLAGE;
1950;KRAAINEM;KRAAINEM;Vlaams-Brabant
1970;WEZEMBEEK-OPPEM;WEZEMBEEK-OPPEM;Vlaams-Brabant
1980;Eppegem;Eppegem;Vlaams-Brabant
1980;ZEMST;ZEMST;Vlaams-Brabant
1981;Hofstade;Hofstade;Vlaams-Brabant
1982;Elewijt;Elewijt;Vlaams-Brabant
1982;Weerde;Weerde;Vlaams-Brabant
2000;ANTWERPEN;ANTWERPEN;Antwerpen
2018;ANTWERPEN;ANTWERPEN;Antwerpen
2020;ANTWERPEN;ANTWERPEN;Antwerpen
2030;ANTWERPEN;ANTWERPEN;Antwerpen
2040;ANTWERPEN;ANTWERPEN;Antwerpen
2040;Berendrecht;Berendrecht;Antwerpen
2040;Lillo;Lillo;Antwerpen
2040;Zandvliet;Zandvliet;Antwerpen
2050;ANTWERPEN;ANTWERPEN;Antwerpen
2060;ANTWERPEN;ANTWERPEN;Antwerpen
2070;Burcht;Burcht;Antwerpen
2070;ZWIJNDRECHT;ZWIJNDRECHT;Antwerpen
2099;Antwerpen X;Antwerpen x;
2100;Deurne;Deurne;Antwerpen
2110;WIJNEGEM;WIJNEGEM;Antwerpen
2140;Borgerhout;Borgerhout;Antwerpen
2150;BORSBEEK;BORSBEEK;Antwerpen
2160;WOMMELGEM;WOMMELGEM;Antwerpen
2170;Merksem;Merksem;Antwerpen
2180;Ekeren;Ekeren;Antwerpen
2200;HERENTALS;HERENTALS;Antwerpen
2200;Morkhoven;Morkhoven;Antwerpen
2200;Noorderwijk;Noorderwijk;Antwerpen
2220;Hallaar;Hallaar;Antwerpen
2220;HEIST-OP-DEN-BERG;HEIST-OP-DEN-BERG;Antwerpen
2221;Booischot;Booischot;Antwerpen
2222;Itegem;Itegem;Antwerpen
2222;Wiekevorst;Wiekevorst;Antwerpen
2223;Schriek;Schriek;Antwerpen
2230;HERSELT;HERSELT;Antwerpen
2230;Ramsel;Ramsel;Antwerpen
2235;Houtvenne;Houtvenne;Antwerpen
2235;HULSHOUT;HULSHOUT;Antwerpen
2235;Westmeerbeek;Westmeerbeek;Antwerpen
2240;Massenhoven;Massenhoven;Antwerpen
2240;Viersel;Viersel;Antwerpen
2240;ZANDHOVEN;ZANDHOVEN;Antwerpen
2242;Pulderbos;Pulderbos;Antwerpen
2243;Pulle;Pulle;Antwerpen
2250;OLEN;OLEN;Antwerpen
2260;Oevel;Oevel;Antwerpen
2260;Tongerlo;Tongerlo;Antwerpen
2260;WESTERLO;WESTERLO;Antwerpen
2260;Zoerle-Parwijs;Zoerle-Parwijs;Antwerpen
2270;HERENTHOUT;HERENTHOUT;Antwerpen
2275;Gierle;Gierle;Antwerpen
2275;LILLE;LILLE;Antwerpen
2275;Poederlee;Poederlee;Antwerpen
2275;Wechelderzande;Wechelderzande;Antwerpen
2280;GROBBENDONK;GROBBENDONK;Antwerpen
2288;Bouwel;Bouwel;Antwerpen
2290;VORSELAAR;VORSELAAR;Antwerpen
2300;TURNHOUT;TURNHOUT;Antwerpen
2310;RIJKEVORSEL;RIJKEVORSEL;Antwerpen
2320;HOOGSTRATEN;HOOGSTRATEN;Antwerpen
2321;Meer;Meer;Antwerpen
2322;Minderhout;Minderhout;Antwerpen
2323;Wortel;Wortel;Antwerpen
2328;Meerle;Meerle;Antwerpen
2330;MERKSPLAS;MERKSPLAS;Antwerpen
2340;BEERSE;BEERSE;Antwerpen
2340;Vlimmeren;Vlimmeren;Antwerpen
2350;VOSSELAAR;VOSSELAAR;Antwerpen
2360;OUD-TURNHOUT;OUD-TURNHOUT;Antwerpen
2370;ARENDONK;ARENDONK;Antwerpen
2380;RAVELS;RAVELS;Antwerpen
2381;Weelde;Weelde;Antwerpen
2382;Poppel;Poppel;Antwerpen
2387;BAARLE-HERTOG;BAARLE-HERTOG;Antwerpen
2390;MALLE;MALLE;Antwerpen
2390;Oostmalle;Oostmalle;Antwerpen
2390;Westmalle;Westmalle;Antwerpen
2400;MOL;MOL;Antwerpen
2430;Eindhout;Eindhout;Antwerpen
2430;Vorst;Vorst;Antwerpen
2431;Varendonk;Varendonk;Antwerpen
2431;Veerle;Veerle;Antwerpen
2440;GEEL;GEEL;Antwerpen
2450;MEERHOUT;MEERHOUT;Antwerpen
2460;KASTERLEE;KASTERLEE;Antwerpen
2460;Lichtaart;Lichtaart;Antwerpen
2460;Tielen;Tielen;Antwerpen
2470;RETIE;RETIE;Antwerpen
2480;DESSEL;DESSEL;Antwerpen
2490;BALEN;BALEN;Antwerpen
2491;Olmen;Olmen;Antwerpen
2500;Koningshooikt;Koningshooikt;Antwerpen
2500;LIER;LIER;Antwerpen
2520;Broechem;Broechem;Antwerpen
2520;Emblem;Emblem;Antwerpen
2520;Oelegem;Oelegem;Antwerpen
2520;RANST;RANST;Antwerpen
2530;BOECHOUT;BOECHOUT;Antwerpen
2531;Vremde;Vremde;Antwerpen
2540;HOVE;HOVE;Antwerpen
2547;LINT;LINT;Antwerpen
2550;KONTICH;KONTICH;Antwerpen
2550;Waarloos;Waarloos;Antwerpen
2560;Bevel;Bevel;Antwerpen
2560;Kessel;Kessel;Antwerpen
2560;NIJLEN;NIJLEN;Antwerpen
2570;DUFFEL;DUFFEL;Antwerpen
2580;Beerzel;Beerzel;Antwerpen
2580;PUTTE;PUTTE;Antwerpen
2590;BERLAAR;BERLAAR;Antwerpen
2590;Gestel;Gestel;Antwerpen
2600;Berchem;Berchem;Antwerpen
2610;Wilrijk;Wilrijk;Antwerpen
2620;HEMIKSEM;HEMIKSEM;Antwerpen
2627;SCHELLE;SCHELLE;Antwerpen
2630;AARTSELAAR;AARTSELAAR;Antwerpen
2640;MORTSEL;MORTSEL;Antwerpen
2650;EDEGEM;EDEGEM;Antwerpen
2660;Hoboken;Hoboken;Antwerpen
2800;MECHELEN;MECHELEN;Antwerpen
2800;Walem;Walem;Antwerpen
2801;Heffen;Heffen;Antwerpen
2811;Hombeek;Hombeek;Antwerpen
2811;Leest;Leest;Antwerpen
2812;Muizen;Muizen;Antwerpen
2820;BONHEIDEN;BONHEIDEN;Antwerpen
2820;Rijmenam;Rijmenam;Antwerpen
2830;Blaasveld;Blaasveld;Antwerpen
2830;Heindonk;Heindonk;Antwerpen
2830;Tisselt;Tisselt;Antwerpen
2830;WILLEBROEK;WILLEBROEK;Antwerpen
2840;Reet;Reet;Antwerpen
2840;RUMST;RUMST;Antwerpen
2840;Terhagen;Terhagen;Antwerpen
2845;NIEL;NIEL;Antwerpen
2850;BOOM;BOOM;Antwerpen
2860;SINT-KATELIJNE-WAVER;SINT-KATELIJNE-WAVER;Antwerpen
2861;Onze-Lieve-Vrouw-Waver;Onze-Lieve-Vrouw-Waver;Antwerpen
2870;Breendonk;Breendonk;Antwerpen
2870;Liezele;Liezele;Antwerpen
2870;PUURS;PUURS;Antwerpen
2870;Ruisbroek;Ruisbroek;Antwerpen
2880;BORNEM;BORNEM;Antwerpen
2880;Hingene;Hingene;Antwerpen
2880;Mariekerke;Mariekerke;Antwerpen
2880;Weert;Weert;Antwerpen
2890;Lippelo;Lippelo;Antwerpen
2890;Oppuurs;Oppuurs;Antwerpen
2890;SINT-AMANDS;SINT-AMANDS;Antwerpen
2900;SCHOTEN;SCHOTEN;Antwerpen
2910;ESSEN;ESSEN;Antwerpen
2920;KALMTHOUT;KALMTHOUT;Antwerpen
2930;BRASSCHAAT;BRASSCHAAT;Antwerpen
2940;Hoevenen;Hoevenen;Antwerpen
2940;STABROEK;STABROEK;Antwerpen
2950;KAPELLEN;KAPELLEN;Antwerpen
2960;BRECHT;BRECHT;Antwerpen
2960;Sint-Job-In-'T-Goor;Sint-Job-In-'T-Goor;Antwerpen
2960;Sint-Lenaarts;Sint-Lenaarts;Antwerpen
2970;'S Gravenwezel;'S Gravenwezel;Antwerpen
2970;SCHILDE;SCHILDE;Antwerpen
2980;Halle;Halle;Antwerpen
2980;ZOERSEL;ZOERSEL;Antwerpen
2990;Loenhout;Loenhout;Antwerpen
2990;WUUSTWEZEL;WUUSTWEZEL;Antwerpen
3000;LEUVEN;LEUVEN;Vlaams-Brabant
3001;Heverlee;Heverlee;Vlaams-Brabant
3010;Kessel Lo;Kessel Lo;Vlaams-Brabant
3012;Wilsele;Wilsele;Vlaams-Brabant
3018;Wijgmaal;Wijgmaal;Vlaams-Brabant
3020;HERENT;HERENT;Vlaams-Brabant
3020;Veltem-Beisem;Veltem-Beisem;Vlaams-Brabant
3020;Winksele;Winksele;Vlaams-Brabant
3040;HULDENBERG;HULDENBERG;Vlaams-Brabant
3040;Loonbeek;Loonbeek;Vlaams-Brabant
3040;Neerijse;Neerijse;Vlaams-Brabant
3040;Ottenburg;Ottenburg;Vlaams-Brabant
3040;Sint-Agatha-Rode;Sint-Agatha-Rode;Vlaams-Brabant
3050;OUD-HEVERLEE;OUD-HEVERLEE;Vlaams-Brabant
3051;Sint-Joris-Weert;Sint-Joris-Weert;Vlaams-Brabant
3052;Blanden;Blanden;Vlaams-Brabant
3053;Haasrode;Haasrode;Vlaams-Brabant
3054;Vaalbeek;Vaalbeek;Vlaams-Brabant
3060;BERTEM;BERTEM;Vlaams-Brabant
3060;Korbeek-Dijle;Korbeek-Dijle;Vlaams-Brabant
3061;Leefdaal;Leefdaal;Vlaams-Brabant
3070;KORTENBERG;KORTENBERG;Vlaams-Brabant
3071;Erps-Kwerps;Erps-Kwerps;Vlaams-Brabant
3078;Everberg;Everberg;Vlaams-Brabant
3078;Meerbeek;Meerbeek;Vlaams-Brabant
3080;Duisburg;Duisburg;Vlaams-Brabant
3080;TERVUREN;TERVUREN;Vlaams-Brabant
3080;Vossem;Vossem;Vlaams-Brabant
3090;OVERIJSE;OVERIJSE;Vlaams-Brabant
3110;ROTSELAAR;ROTSELAAR;Vlaams-Brabant
3111;Wezemaal;Wezemaal;Vlaams-Brabant
3118;Werchter;Werchter;Vlaams-Brabant
3120;TREMELO;TREMELO;Vlaams-Brabant
3128;Baal;Baal;Vlaams-Brabant
3130;BEGIJNENDIJK;BEGIJNENDIJK;Vlaams-Brabant
3130;Betekom;Betekom;Vlaams-Brabant
3140;KEERBERGEN;KEERBERGEN;Vlaams-Brabant
3150;HAACHT;HAACHT;Vlaams-Brabant
3150;Tildonk;Tildonk;Vlaams-Brabant
3150;Wespelaar;Wespelaar;Vlaams-Brabant
3190;BOORTMEERBEEK;BOORTMEERBEEK;Vlaams-Brabant
3191;Hever;Hever;Vlaams-Brabant
3200;AARSCHOT;AARSCHOT;Vlaams-Brabant
3200;Gelrode;Gelrode;Vlaams-Brabant
3201;Langdorp;Langdorp;Vlaams-Brabant
3202;Rillaar;Rillaar;Vlaams-Brabant
3210;Linden;Linden;Vlaams-Brabant
3210;LUBBEEK;LUBBEEK;Vlaams-Brabant
3211;Binkom;Binkom;Vlaams-Brabant
3212;Pellenberg;Pellenberg;Vlaams-Brabant
3220;HOLSBEEK;HOLSBEEK;Vlaams-Brabant
3220;Kortrijk-Dutsel;Kortrijk-Dutsel;Vlaams-Brabant
3220;Sint-Pieters-Rode;Sint-Pieters-Rode;Vlaams-Brabant
3221;Nieuwrode;Nieuwrode;Vlaams-Brabant
3270;Scherpenheuvel;Scherpenheuvel;Vlaams-Brabant
3271;Averbode;Averbode;Vlaams-Brabant
3271;Zichem;Zichem;Vlaams-Brabant
3272;Messelbroek;Messelbroek;Vlaams-Brabant
3272;Testelt;Testelt;Vlaams-Brabant
3290;Deurne;Deurne;Vlaams-Brabant
3290;DIEST;DIEST;Vlaams-Brabant
3290;Schaffen;Schaffen;Vlaams-Brabant
3290;Webbekom;Webbekom;Vlaams-Brabant
3293;Kaggevinne;Kaggevinne;Vlaams-Brabant
3294;Molenstede;Molenstede;Vlaams-Brabant
3300;Bost;Bost;Vlaams-Brabant
3300;Goetsenhoven;Goetsenhoven;Vlaams-Brabant
3300;Hakendover;Hakendover;Vlaams-Brabant
3300;Kumtich;Kumtich;Vlaams-Brabant
3300;Oorbeek;Oorbeek;Vlaams-Brabant
3300;Oplinter;Oplinter;Vlaams-Brabant
3300;Sint-Margriete-Houtem;Sint-Margriete-Houtem;Vlaams-Brabant
3300;TIENEN;TIENEN;Vlaams-Brabant
3300;Vissenaken;Vissenaken;Vlaams-Brabant
3320;HOEGAARDEN;HOEGAARDEN;Vlaams-Brabant
3320;Meldert;Meldert;Vlaams-Brabant
3321;Outgaarden;Outgaarden;Vlaams-Brabant
3350;Drieslinter;Drieslinter;Vlaams-Brabant
3350;LINTER;LINTER;Vlaams-Brabant
3350;Melkwezer;Melkwezer;Vlaams-Brabant
3350;Neerhespen;Neerhespen;Vlaams-Brabant
3350;Neerlinter;Neerlinter;Vlaams-Brabant
3350;Orsmaal-Gussenhoven;Orsmaal-Gussenhoven;Vlaams-Brabant
3350;Overhespen;Overhespen;Vlaams-Brabant
3350;Wommersom;Wommersom;Vlaams-Brabant
3360;BIERBEEK;BIERBEEK;Vlaams-Brabant
3360;Korbeek-Lo;Korbeek-Lo;Vlaams-Brabant
3360;Lovenjoel;Lovenjoel;Vlaams-Brabant
3360;Opvelp;Opvelp;Vlaams-Brabant
3370;BOUTERSEM;BOUTERSEM;Vlaams-Brabant
3370;Kerkom;Kerkom;Vlaams-Brabant
3370;Neervelp;Neervelp;Vlaams-Brabant
3370;Roosbeek;Roosbeek;Vlaams-Brabant
3370;Vertrijk;Vertrijk;Vlaams-Brabant
3370;Willebringen;Willebringen;Vlaams-Brabant
3380;Bunsbeek;Bunsbeek;Vlaams-Brabant
3380;GLABBEEK;GLABBEEK;Vlaams-Brabant
3381;Kapellen;Kapellen;Vlaams-Brabant
3384;Attenrode;Attenrode;Vlaams-Brabant
3390;Houwaart;Houwaart;Vlaams-Brabant
3390;Sint-Joris-Winge;Sint-Joris-Winge;Vlaams-Brabant
3390;Tielt;Tielt;Vlaams-Brabant
3391;Meensel-Kiezegem;Meensel-Kiezegem;Vlaams-Brabant
3400;Eliksem;Eliksem;Vlaams-Brabant
3400;Ezemaal;Ezemaal;Vlaams-Brabant
3400;Laar;Laar;Vlaams-Brabant
3400;LANDEN;LANDEN;Vlaams-Brabant
3400;Neerwinden;Neerwinden;Vlaams-Brabant
3400;Overwinden;Overwinden;Vlaams-Brabant
3400;Rumsdorp;Rumsdorp;Vlaams-Brabant
3400;Wange;Wange;Vlaams-Brabant
3401;Waasmont;Waasmont;Vlaams-Brabant
3401;Walsbets;Walsbets;Vlaams-Brabant
3401;Walshoutem;Walshoutem;Vlaams-Brabant
3401;Wezeren;Wezeren;Vlaams-Brabant
3404;Attenhoven;Attenhoven;Vlaams-Brabant
3404;Neerlanden;Neerlanden;Vlaams-Brabant
3440;Budingen;Budingen;Vlaams-Brabant
3440;Dormaal;Dormaal;Vlaams-Brabant
3440;Halle-Booienhoven;Halle-Booienhoven;Vlaams-Brabant
3440;Helen-Bos;Helen-Bos;Vlaams-Brabant
3440;ZOUTLEEUW;ZOUTLEEUW;Vlaams-Brabant
3450;GEETBETS;GEETBETS;Vlaams-Brabant
3450;Grazen;Grazen;Vlaams-Brabant
3454;Rummen;Rummen;Vlaams-Brabant
3460;Assent;Assent;Vlaams-Brabant
3460;BEKKEVOORT;BEKKEVOORT;Vlaams-Brabant
3461;Molenbeek-Wersbeek;Molenbeek-Wersbeek;Vlaams-Brabant
3470;KORTENAKEN;KORTENAKEN;Vlaams-Brabant
3470;Ransberg;Ransberg;Vlaams-Brabant
3470;Sint-Margriete-Houtem;Sint-Margriete-Houtem;Vlaams-Brabant
3471;Hoeleden;Hoeleden;Vlaams-Brabant
3472;Kersbeek-Miskom;Kersbeek-Miskom;Vlaams-Brabant
3473;Waanrode;Waanrode;Vlaams-Brabant
3500;HASSELT;HASSELT;Limburg
3500;Sint-Lambrechts-Herk;Sint-Lambrechts-Herk;Limburg
3501;Wimmertingen;Wimmertingen;Limburg
3510;Kermt;Kermt;Limburg
3510;Spalbeek;Spalbeek;Limburg
3511;Kuringen;Kuringen;Limburg
3511;Stokrooie;Stokrooie;Limburg
3512;Stevoort;Stevoort;Limburg
3520;ZONHOVEN;ZONHOVEN;Limburg
3530;Helchteren;Helchteren;Limburg
3530;Houthalen;Houthalen;Limburg
3540;Berbroek;Berbroek;Limburg
3540;Donk;Donk;Limburg
3540;HERK-DE-STAD;HERK-DE-STAD;Limburg
3540;Schulen;Schulen;Limburg
3545;HALEN;HALEN;Limburg
3545;Loksbergen;Loksbergen;Limburg
3545;Zelem;Zelem;Limburg
3550;Heusden;Heusden;Limburg
3550;HEUSDEN-ZOLDER;HEUSDEN-ZOLDER;Limburg
3550;Zolder;Zolder;Limburg
3560;Linkhout;Linkhout;Limburg
3560;LUMMEN;LUMMEN;Limburg
3560;Meldert;Meldert;Limburg
3570;ALKEN;ALKEN;Limburg
3580;BERINGEN;BERINGEN;Limburg
3581;Beverlo;Beverlo;Limburg
3582;Koersel;Koersel;Limburg
3583;Paal;Paal;Limburg
3590;DIEPENBEEK;DIEPENBEEK;Limburg
3600;GENK;GENK;Limburg
3620;Gellik;Gellik;Limburg
3620;LANAKEN;LANAKEN;Limburg
3620;Neerharen;Neerharen;Limburg
3620;Veldwezelt;Veldwezelt;Limburg
3621;Rekem;Rekem;Limburg
3630;Eisden;Eisden;Limburg
3630;Leut;Leut;Limburg
3630;MAASMECHELEN;MAASMECHELEN;Limburg
3630;Mechelen-Aan-De-Maas;Mechelen-Aan-De-Maas;Limburg
3630;Meeswijk;Meeswijk;Limburg
3630;Opgrimbie;Opgrimbie;Limburg
3630;Vucht;Vucht;Limburg
3631;Boorsem;Boorsem;Limburg
3631;Uikhoven;Uikhoven;Limburg
3640;Kessenich;Kessenich;Limburg
3640;KINROOI;KINROOI;Limburg
3640;Molenbeersel;Molenbeersel;Limburg
3640;Ophoven;Ophoven;Limburg
3650;Dilsen;Dilsen;Limburg
3650;DILSEN-STOKKEM;DILSEN-STOKKEM;Limburg
3650;Elen;Elen;Limburg
3650;Lanklaar;Lanklaar;Limburg
3650;Rotem;Rotem;Limburg
3650;Stokkem;Stokkem;Limburg
3660;OPGLABBEEK;OPGLABBEEK;Limburg
3665;AS;AS;Limburg
3668;Niel-Bij-As;Niel-Bij-As;Limburg
3670;Ellikom;Ellikom;Limburg
3670;Gruitrode;Gruitrode;Limburg
3670;Meeuwen;Meeuwen;Limburg
3670;Neerglabbeek;Neerglabbeek;Limburg
3670;Wijshagen;Wijshagen;Limburg
3680;MAASEIK;MAASEIK;Limburg
3680;Neeroeteren;Neeroeteren;Limburg
3680;Opoeteren;Opoeteren;Limburg
3690;ZUTENDAAL;ZUTENDAAL;Limburg
3700;'S Herenelderen;'S Herenelderen;Limburg
3700;Berg;Berg;Limburg
3700;Diets-Heur;Diets-Heur;Limburg
3700;Haren;Haren;Limburg
3700;Henis;Henis;Limburg
3700;Kolmont;Kolmont;Limburg
3700;Koninksem;Koninksem;Limburg
3700;Lauw;Lauw;Limburg
3700;Mal;Mal;Limburg
3700;Neerrepen;Neerrepen;Limburg
3700;Nerem;Nerem;Limburg
3700;Overrepen;Overrepen;Limburg
3700;Piringen;Piringen;Limburg
3700;Riksingen;Riksingen;Limburg
3700;Rutten;Rutten;Limburg
3700;Sluizen;Sluizen;Limburg
3700;TONGEREN;TONGEREN;Limburg
3700;Vreren;Vreren;Limburg
3700;Widooie;Widooie;Limburg
3717;HERSTAPPE;HERSTAPPE;Limburg
3720;KORTESSEM;KORTESSEM;Limburg
3721;Vliermaalroot;Vliermaalroot;Limburg
3722;Wintershoven;Wintershoven;Limburg
3723;Guigoven;Guigoven;Limburg
3724;Vliermaal;Vliermaal;Limburg
3730;HOESELT;HOESELT;Limburg
3730;Romershoven;Romershoven;Limburg
3730;Sint-Huibrechts-Hern;Sint-Huibrechts-Hern;Limburg
3730;Werm;Werm;Limburg
3732;Schalkhoven;Schalkhoven;Limburg
3740;Beverst;Beverst;Limburg
3740;BILZEN;BILZEN;Limburg
3740;Eigenbilzen;Eigenbilzen;Limburg
3740;Grote-Spouwen;Grote-Spouwen;Limburg
3740;Hees;Hees;Limburg
3740;Kleine-Spouwen;Kleine-Spouwen;Limburg
3740;Mopertingen;Mopertingen;Limburg
3740;Munsterbilzen;Munsterbilzen;Limburg
3740;Rijkhoven;Rijkhoven;Limburg
3740;Rosmeer;Rosmeer;Limburg
3740;Waltwilder;Waltwilder;Limburg
3742;Martenslinde;Martenslinde;Limburg
3746;Hoelbeek;Hoelbeek;Limburg
3770;Genoelselderen;Genoelselderen;Limburg
3770;Herderen;Herderen;Limburg
3770;Kanne;Kanne;Limburg
3770;Membruggen;Membruggen;Limburg
3770;Millen;Millen;Limburg
3770;RIEMST;RIEMST;Limburg
3770;Val-Meer;Val-Meer;Limburg
3770;Vlijtingen;Vlijtingen;Limburg
3770;Vroenhoven;Vroenhoven;Limburg
3770;Zichen-Zussen-Bolder;Zichen-Zussen-Bolder;Limburg
3790;Moelingen;Fouron-Saint-Martin;Limburg
3790;Sint-Martens-Voeren;Mouland;Limburg
3791;Remersdaal;Remersdaal;Limburg
3792;Sint-Pieters-Voeren;Fouron-Saint-Pierre;Limburg
3793;Teuven;Teuven;Limburg
3798;S Gravenvoeren;Fouron-Le-Comte;Limburg
3800;Aalst;Aalst;Limburg
3800;Brustem;Brustem;Limburg
3800;Engelmanshoven;Engelmanshoven;Limburg
3800;Gelinden;Gelinden;Limburg
3800;Groot-Gelmen;Groot-Gelmen;Limburg
3800;Halmaal;Halmaal;Limburg
3800;Kerkom-Bij-Sint-Truiden;Kerkom-Bij-Sint-Truiden;Limburg
3800;Ordingen;Ordingen;Limburg
3800;SINT-TRUIDEN;SINT-TRUIDEN;Limburg
3800;Zepperen;Zepperen;Limburg
3803;Duras;Duras;Limburg
3803;Gorsem;Gorsem;Limburg
3803;Runkelen;Runkelen;Limburg
3803;Wilderen;Wilderen;Limburg
3806;Velm;Velm;Limburg
3830;Berlingen;Berlingen;Limburg
3830;WELLEN;WELLEN;Limburg
3831;Herten;Herten;Limburg
3832;Ulbeek;Ulbeek;Limburg
3840;Bommershoven;Bommershoven;Limburg
3840;BORGLOON;BORGLOON;Limburg
3840;Broekom;Broekom;Limburg
3840;Gors-Opleeuw;Gors-Opleeuw;Limburg
3840;Gotem;Gotem;Limburg
3840;Groot-Loon;Groot-Loon;Limburg
3840;Haren;Haren;Limburg
3840;Hendrieken;Hendrieken;Limburg
3840;Hoepertingen;Hoepertingen;Limburg
3840;Jesseren;Jesseren;Limburg
3840;Kerniel;Kerniel;Limburg
3840;Kolmont;Kolmont;Limburg
3840;Kuttekoven;Kuttekoven;Limburg
3840;Rijkel;Rijkel;Limburg
3840;Voort;Voort;Limburg
3850;Binderveld;Binderveld;Limburg
3850;Kozen;Kozen;Limburg
3850;NIEUWERKERKEN;NIEUWERKERKEN;Limburg
3850;Wijer;Wijer;Limburg
3870;Batsheers;Batsheers;Limburg
3870;Bovelingen;Bovelingen;Limburg
3870;Gutshoven;Gutshoven;Limburg
3870;HEERS;HEERS;Limburg
3870;Heks;Heks;Limburg
3870;Horpmaal;Horpmaal;Limburg
3870;Klein-Gelmen;Klein-Gelmen;Limburg
3870;Mechelen-Bovelingen;Mechelen-Bovelingen;Limburg
3870;Mettekoven;Mettekoven;Limburg
3870;Opheers;Opheers;Limburg
3870;Rukkelingen-Loon;Rukkelingen-Loon;Limburg
3870;Vechmaal;Vechmaal;Limburg
3870;Veulen;Veulen;Limburg
3890;Boekhout;Boekhout;Limburg
3890;GINGELOM;GINGELOM;Limburg
3890;Jeuk;Jeuk;Limburg
3890;Kortijs;Kortijs;Limburg
3890;Montenaken;Montenaken;Limburg
3890;Niel-Bij-Sint-Truiden;Niel-Bij-Sint-Truiden;Limburg
3890;Vorsen;Vorsen;Limburg
3891;Borlo;Borlo;Limburg
3891;Buvingen;Buvingen;Limburg
3891;Mielen-Boven-Aalst;Mielen-Boven-Aalst;Limburg
3891;Muizen;Muizen;Limburg
3900;OVERPELT;OVERPELT;Limburg
3910;NEERPELT;NEERPELT;Limburg
3910;Sint-Huibrechts-Lille;Sint-Huibrechts-Lille;Limburg
3920;LOMMEL;LOMMEL;Limburg
3930;Achel;Achel;Limburg
3930;Hamont;Hamont;Limburg
3940;Hechtel;Hechtel;Limburg
3941;Eksel;Eksel;Limburg
3945;Kwaadmechelen;Kwaadmechelen;Limburg
3945;Oostham;Oostham;Limburg
3950;BOCHOLT;BOCHOLT;Limburg
3950;Kaulille;Kaulille;Limburg
3950;Reppel;Reppel;Limburg
3960;Beek;Beek;Limburg
3960;BREE;BREE;Limburg
3960;Gerdingen;Gerdingen;Limburg
3960;Opitter;Opitter;Limburg
3960;Tongerlo;Tongerlo;Limburg
3970;LEOPOLDSBURG;LEOPOLDSBURG;Limburg
3971;Heppen;Heppen;Limburg
3980;TESSENDERLO;TESSENDERLO;Limburg
3990;Grote-Brogel;Grote-Brogel;Limburg
3990;Kleine-Brogel;Kleine-Brogel;Limburg
3990;PEER;PEER;Limburg
3990;Wijchmaal;Wijchmaal;Limburg
4000;Glain;Glain;Luik
4000;LIÈGE;LIÈGE;Luik
4000;Rocourt;Rocourt;Luik
4020;Bressoux;Bressoux;Luik
4020;Jupille-Sur-Meuse;Jupille-Sur-Meuse;Luik
4020;LIÈGE;LIÈGE;Luik
4020;Wandre;Wandre;Luik
4030;Grivegnee;Grivegnee;Luik
4031;Angleur;Angleur;Luik
4032;Chênee;Chênee;Luik
4040;HERSTAL;HERSTAL;Luik
4041;Milmort;Milmort;Luik
4041;Vottem;Vottem;Luik
4042;Liers;Liers;Luik
4050;CHAUDFONTAINE;CHAUDFONTAINE;Luik
4051;Vaux-Sous-Chèvremont;Vaux-Sous-Chèvremont;Luik
4052;Beaufays;Beaufays;Luik
4053;Embourg;Embourg;Luik
4099;Liège X;Liège X;
4100;Boncelles;Boncelles;Luik
4100;SERAING;SERAING;Luik
4101;Jemeppe-Sur-Meuse;Jemeppe-Sur-Meuse;Luik
4102;Ougrée;Ougrée;Luik
4120;Ehein;Ehein;Luik
4120;Rotheux-Rimière;Rotheux-Rimière;Luik
4121;Neuville-En-Condroz;Neuville-En-Condroz;Luik
4122;Plainevaux;Plainevaux;Luik
4130;ESNEUX;ESNEUX;Luik
4130;Tilff;Tilff;Luik
4140;Dolembreux;Dolembreux;Luik
4140;Gomzé-Andoumont;Gomzé-Andoumont;Luik
4140;Rouvreux;Rouvreux;Luik
4140;SPRIMONT;SPRIMONT;Luik
4141;Louveigné;Louveigné;Luik
4160;ANTHISNES;ANTHISNES;Luik
4161;Villers-Aux-Tours;Villers-Aux-Tours;Luik
4162;Hody;Hody;Luik
4163;Tavier;Tavier;Luik
4170;COMBLAIN-AU-PONT;COMBLAIN-AU-PONT;Luik
4171;Poulseur;Poulseur;Luik
4180;Comblain-Fairon;Comblain-Fairon;Luik
4180;Comblain-La-Tour;Comblain-La-Tour;Luik
4180;HAMOIR;HAMOIR;Luik
4181;Filot;Filot;Luik
4190;FERRIÈRES;FERRIÈRES;Luik
4190;My;My;Luik
4190;Vieuxville;Vieuxville;Luik
4190;Werbomont;Werbomont;Luik
4190;Xhoris;Xhoris;Luik
4210;BURDINNE;BURDINNE;Luik
4210;Hannêche;Hannêche;Luik
4210;Lamontzée;Lamontzée;Luik
4210;Marneffe;Marneffe;Luik
4210;Oteppe;Oteppe;Luik
4217;HÉRON;HÉRON;Luik
4217;Lavoir;Lavoir;Luik
4217;Waret-L'Evêque;Waret-L'Evêque;Luik
4218;Couthuin;Couthuin;Luik
4219;Acosse;Acosse;Luik
4219;Ambresin;Ambresin;Luik
4219;Meeffe;Meeffe;Luik
4219;WASSEIGES;WASSEIGES;Luik
4250;Boëlhe;Boëlhe;Luik
4250;GEER;GEER;Luik
4250;Hollogne-Sur-Geer;Hollogne-Sur-Geer;Luik
4250;Lens-Saint-Servais;Lens-Saint-Servais;Luik
4252;Omal;Omal;Luik
4253;Darion;Darion;Luik
4254;Ligney;Ligney;Luik
4257;BERLOZ;BERLOZ;Luik
4257;Corswarem;Corswarem;Luik
4257;Rosoux-Crenwick;Rosoux-Crenwick;Luik
4260;Avennes;Avennes;Luik
4260;BRAIVES;BRAIVES;Luik
4260;Ciplet;Ciplet;Luik
4260;Fallais;Fallais;Luik
4260;Fumal;Fumal;Luik
4260;Ville-En-Hesbaye;Ville-En-Hesbaye;Luik
4261;Latinne;Latinne;Luik
4263;Tourinne;Tourinne;Luik
4280;Abolens;Abolens;Luik
4280;Avernas-Le-Bauduin;Avernas-Le-Bauduin;Luik
4280;Avin;Avin;Luik
4280;Bertrée;Bertrée;Luik
4280;Blehen;Blehen;Luik
4280;Cras-Avernas;Cras-Avernas;Luik
4280;Crehen;Crehen;Luik
4280;Grand-Hallet;Grand-Hallet;Luik
4280;HANNUT;HANNUT;Luik
4280;Lens-Saint-Remy;Lens-Saint-Remy;Luik
4280;Merdorp;Merdorp;Luik
4280;Moxhe;Moxhe;Luik
4280;Petit-Hallet;Petit-Hallet;Luik
4280;Poucet;Poucet;Luik
4280;Thisnes;Thisnes;Luik
4280;Trognée;Trognée;Luik
4280;Villers-Le-Peuplier;Villers-Le-Peuplier;Luik
4280;Wansin;Wansin;Luik
4287;LINCENT;LINCENT;Luik
4287;Pellaines;Pellaines;Luik
4287;Racour;Racour;Luik
4300;Bettincourt;Bettincourt;Luik
4300;Bleret;Bleret;Luik
4300;Bovenistier;Bovenistier;Luik
4300;Grand-Axhe;Grand-Axhe;Luik
4300;Lantremange;Lantremange;Luik
4300;Oleye;Oleye;Luik
4300;WAREMME;WAREMME;Luik
4317;Aineffe;Aineffe;Luik
4317;Borlez;Borlez;Luik
4317;Celles;Celles;Luik
4317;FAIMES;FAIMES;Luik
4317;Les Waleffes;Les Waleffes;Luik
4317;Viemme;Viemme;Luik
4340;AWANS;AWANS;Luik
4340;Fooz;Fooz;Luik
4340;Othée;Othée;Luik
4340;Villers-L'Evêque;Villers-L'Evêque;Luik
4342;Hognoul;Hognoul;Luik
4347;FEXHE-LE-HAUT-CLOCHER;FEXHE-LE-HAUT-CLOCHER;Luik
4347;Freloux;Freloux;Luik
4347;Noville;Noville;Luik
4347;Roloux;Roloux;Luik
4347;Voroux-Goreux;Voroux-Goreux;Luik
4350;Lamine;Lamine;Luik
4350;Momalle;Momalle;Luik
4350;Pousset;Pousset;Luik
4350;REMICOURT;REMICOURT;Luik
4351;Hodeige;Hodeige;Luik
4357;DONCEEL;DONCEEL;Luik
4357;Haneffe;Haneffe;Luik
4357;Jeneffe;Jeneffe;Luik
4357;Limont;Limont;Luik
4360;Bergilers;Bergilers;Luik
4360;Grandville;Grandville;Luik
4360;Lens-Sur-Geer;Lens-Sur-Geer;Luik
4360;OREYE;OREYE;Luik
4360;Otrange;Otrange;Luik
4367;CRISNÉE;CRISNÉE;Luik
4367;Fize-Le-Marsal;Fize-Le-Marsal;Luik
4367;Kemexhe;Kemexhe;Luik
4367;Odeur;Odeur;Luik
4367;Thys;Thys;Luik
4400;Awirs;Awirs;Luik
4400;Chokier;Chokier;Luik
4400;Flémalle-Grande;Flémalle-Grande;Luik
4400;Flémalle-Haute;Flémalle-Haute;Luik
4400;Gleixhe;Gleixhe;Luik
4400;Ivoz-Ramet;Ivoz-Ramet;Luik
4400;Mons-Lez-Liège;Mons-Lez-Liège;Luik
4420;Montegnée;Montegnée;Luik
4420;SAINT-NICOLAS;SAINT-NICOLAS;Luik
4420;Tilleur;Tilleur;Luik
4430;ANS;ANS;Luik
4431;Loncin;Loncin;Luik
4432;Alleur;Alleur;Luik
4432;Xhendremael;Xhendremael;Luik
4450;JUPRELLE;JUPRELLE;Luik
4450;Lantin;Lantin;Luik
4450;Slins;Slins;Luik
4451;Voroux-Lez-Liers;Voroux-Lez-Liers;Luik
4452;Paifve;Paifve;Luik
4452;Wihogne;Wihogne;Luik
4453;Villers-Saint-Siméon;Villers-Saint-Siméon;Luik
4458;Fexhe-Slins;Fexhe-Slins;Luik
4460;Bierset;Bierset;Luik
4460;Grâce-Berleur;Grâce-Berleur;Luik
4460;GRÂCE-HOLLOGNE;GRÂCE-HOLLOGNE;Luik
4460;Hollogne-Aux-Pierres;Hollogne-Aux-Pierres;Luik
4460;Horion-Hozémont;Horion-Hozémont;Luik
4460;Velroux;Velroux;Luik
4470;SAINT-GEORGES-SUR-MEUSE;SAINT-GEORGES-SUR-MEUSE;Luik
4480;Clermont-Sous-Huy;Clermont-Sous-Huy;Luik
4480;Ehein;Ehein;Luik
4480;ENGIS;ENGIS;Luik
4480;Hermalle-Sous-Huy;Hermalle-Sous-Huy;Luik
4500;Ben-Ahin;Ben-Ahin;Luik
4500;HUY;HUY;Luik
4500;Tihange;Tihange;Luik
4520;Antheit;Antheit;Luik
4520;Bas-Oha;Bas-Oha;Luik
4520;Huccorgne;Huccorgne;Luik
4520;Moha;Moha;Luik
4520;Vinalmont;Vinalmont;Luik
4520;WANZE;WANZE;Luik
4530;Fize-Fontaine;Fize-Fontaine;Luik
4530;Vaux-Et-Borset;Vaux-Et-Borset;Luik
4530;Vieux-Waleffe;Vieux-Waleffe;Luik
4530;VILLERS-LE-BOUILLET;VILLERS-LE-BOUILLET;Luik
4530;Warnant-Dreye;Warnant-Dreye;Luik
4537;Bodegnée;Bodegnée;Luik
4537;Chapon-Seraing;Chapon-Seraing;Luik
4537;Seraing-Le-Château;Seraing-Le-Château;Luik
4537;VERLAINE;VERLAINE;Luik
4540;AMAY;AMAY;Luik
4540;Ampsin;Ampsin;Luik
4540;Flône;Flône;Luik
4540;Jehay;Jehay;Luik
4540;Ombret;Ombret;Luik
4550;NANDRIN;NANDRIN;Luik
4550;Saint-Séverin;Saint-Séverin;Luik
4550;Villers-Le-Temple;Villers-Le-Temple;Luik
4550;Yernée-Fraineux;Yernée-Fraineux;Luik
4557;Abée;Abée;Luik
4557;Fraiture;Fraiture;Luik
4557;Ramelot;Ramelot;Luik
4557;Seny;Seny;Luik
4557;Soheit-Tinlot;Soheit-Tinlot;Luik
4557;TINLOT;TINLOT;Luik
4560;Bois-Et-Borsu;Bois-Et-Borsu;Luik
4560;CLAVIER;CLAVIER;Luik
4560;Les Avins;Les Avins;Luik
4560;Ocquier;Ocquier;Luik
4560;Pailhe;Pailhe;Luik
4560;Terwagne;Terwagne;Luik
4570;MARCHIN;MARCHIN;Luik
4570;Vyle-Et-Tharoul;Vyle-Et-Tharoul;Luik
4577;MODAVE;MODAVE;Luik
4577;Outrelouxhe;Outrelouxhe;Luik
4577;Strée-Lez-Huy;Strée-Lez-Huy;Luik
4577;Vierset-Barse;Vierset-Barse;Luik
4590;Ellemelle;Ellemelle;Luik
4590;OUFFET;OUFFET;Luik
4590;Warzée;Warzée;Luik
4600;Lanaye;Lanaye;Luik
4600;Lixhe;Lixhe;Luik
4600;Richelle;Richelle;Luik
4600;VISÉ;VISÉ;Luik
4601;Argenteau;Argenteau;Luik
4602;Cheratte;Cheratte;Luik
4606;Saint-André;Saint-André;Luik
4607;Berneau;Berneau;Luik
4607;Bombaye;Bombaye;Luik
4607;DALHEM;DALHEM;Luik
4607;Feneur;Feneur;Luik
4607;Mortroux;Mortroux;Luik
4608;Neufchâteau;Neufchâteau;Luik
4608;Warsage;Warsage;Luik
4610;Bellaire;Bellaire;Luik
4610;BEYNE-HEUSAY;BEYNE-HEUSAY;Luik
4610;Queue-Du-Bois;Queue-Du-Bois;Luik
4620;FLÉRON;FLÉRON;Luik
4621;Retinne;Retinne;Luik
4623;Magnée;Magnée;Luik
4624;Romsée;Romsée;Luik
4630;Ayeneux;Ayeneux;Luik
4630;Micheroux;Micheroux;Luik
4630;SOUMAGNE;SOUMAGNE;Luik
4630;Tignée;Tignée;Luik
4631;Evegnée;Evegnée;Luik
4632;Cérexhe-Heuseux;Cérexhe-Heuseux;Luik
4633;Melen;Melen;Luik
4650;Chaineux;Chaineux;Luik
4650;Grand-Rechain;Grand-Rechain;Luik
4650;HERVE;HERVE;Luik
4650;Julémont;Julémont;Luik
4651;Battice;Battice;Luik
4652;Xhendelesse;Xhendelesse;Luik
4653;Bolland;Bolland;Luik
4654;Charneux;Charneux;Luik
4670;BLÉGNY;BLÉGNY;Luik
4670;Mortier;Mortier;Luik
4670;Trembleur;Trembleur;Luik
4671;Barchon;Barchon;Luik
4671;Housse;Housse;Luik
4671;Saive;Saive;Luik
4672;Saint-Remy;Saint-Remy;Luik
4680;Hermée;Hermée;Luik
4680;OUPEYE;OUPEYE;Luik
4681;Hermalle-Sous-Argenteau;Hermalle-Sous-Argenteau;Luik
4682;Heure-Le-Romain;Heure-Le-Romain;Luik
4682;Houtain-Saint-Siméon;Houtain-Saint-Siméon;Luik
4683;Vivegnis;Vivegnis;Luik
4684;Haccourt;Haccourt;Luik
4690;BASSENGE;BASSENGE;Luik
4690;Boirs;Boirs;Luik
4690;Eben-Emael;Eben-Emael;Luik
4690;Glons;Glons;Luik
4690;Roclenge-Sur-Geer;Roclenge-Sur-Geer;Luik
4690;Wonck;Wonck;Luik
4700;EUPEN;EUPEN;Luik
4701;Kettenis;Kettenis;Luik
4710;LONTZEN;LONTZEN;Luik
4711;Walhorn;Walhorn;Luik
4720;LA CALAMINE;LA CALAMINE;Luik
4721;Neu-Moresnet;Neu-Moresnet;Luik
4728;Hergenrath;Hergenrath;Luik
4730;Hauset;Hauset;Luik
4730;RAEREN;RAEREN;Luik
4731;Eynatten;Eynatten;Luik
4750;BUTGENBACH;BUTGENBACH;Luik
4750;Elsenborn;Elsenborn;Luik
4760;BULLANGE;BULLANGE;Luik
4760;Manderfeld;Manderfeld;Luik
4761;Rocherath;Rocherath;Luik
4770;AMBLÈVE;AMBLÈVE;Luik
4770;Meyerode;Meyerode;Luik
4771;Heppenbach;Heppenbach;Luik
4780;Recht;Recht;Luik
4780;SAINT-VITH;SAINT-VITH;Luik
4782;Schoenberg;Schoenberg;Luik
4783;Lommersweiler;Lommersweiler;Luik
4784;Crombach;Crombach;Luik
4790;Reuland;Reuland;Luik
4791;Thommen;Thommen;Luik
4800;Ensival;Ensival;Luik
4800;Lambermont;Lambermont;Luik
4800;Petit-Rechain;Petit-Rechain;Luik
4800;Polleur;Polleur;Luik
4800;VERVIERS;VERVIERS;Luik
4801;Stembert;Stembert;Luik
4802;Heusy;Heusy;Luik
4820;DISON;DISON;Luik
4821;Andrimont;Andrimont;Luik
4830;LIMBOURG;LIMBOURG;Luik
4831;Bilstain;Bilstain;Luik
4834;Goé;Goé;Luik
4837;BAELEN;BAELEN;Luik
4837;Membach;Membach;Luik
4840;WELKENRAEDT;WELKENRAEDT;Luik
4841;Henri-Chapelle;Henri-Chapelle;Luik
4845;JALHAY;JALHAY;Luik
4845;Sart-Lez-Spa;Sart-Lez-Spa;Luik
4850;Montzen;Montzen;Luik
4850;Moresnet;Moresnet;Luik
4851;Gemmenich;Gemmenich;Luik
4851;Sippenaeken;Sippenaeken;Luik
4852;Hombourg;Hombourg;Luik
4860;Cornesse;Cornesse;Luik
4860;PEPINSTER;PEPINSTER;Luik
4860;Wegnez;Wegnez;Luik
4861;Soiron;Soiron;Luik
4870;Forêt;Forêt;Luik
4870;Fraipont;Fraipont;Luik
4870;Nessonvaux;Nessonvaux;Luik
4877;OLNE;OLNE;Luik
4880;AUBEL;AUBEL;Luik
4890;Clermont;Clermont;Luik
4890;Thimister;Thimister;Luik
4900;SPA;SPA;Luik
4910;La Reid;La Reid;Luik
4910;Polleur;Polleur;Luik
4910;THEUX;THEUX;Luik
4920;AYWAILLE;AYWAILLE;Luik
4920;Ernonheid;Ernonheid;Luik
4920;Harzé;Harzé;Luik
4920;Louveigné;Louveigné;Luik
4920;Sougné-Remouchamps;Sougné-Remouchamps;Luik
4950;Faymonville;Faymonville;Luik
4950;Robertville;Robertville;Luik
4950;Sourbrodt;Sourbrodt;Luik
4950;WAIMES;WAIMES;Luik
4960;Bellevaux-Ligneuville;Bellevaux-Ligneuville;Luik
4960;Bevercé;Bevercé;Luik
4960;MALMEDY;MALMEDY;Luik
4970;Francorchamps;Francorchamps;Luik
4970;STAVELOT;STAVELOT;Luik
4980;Fosse;Fosse;Luik
4980;TROIS-PONTS;TROIS-PONTS;Luik
4980;Wanne;Wanne;Luik
4983;Basse-Bodeux;Basse-Bodeux;Luik
4987;Chevron;Chevron;Luik
4987;La Gleize;La Gleize;Luik
4987;Lorcé;Lorcé;Luik
4987;Rahier;Rahier;Luik
4987;STOUMONT;STOUMONT;Luik
4990;Arbrefontaine;Arbrefontaine;Luik
4990;Bra;Bra;Luik
4990;LIERNEUX;LIERNEUX;Luik
5000;Beez;Beez;Namen
5000;NAMUR;NAMUR;Namen
5001;Belgrade;Belgrade;Namen
5002;Saint-Servais;Saint-Servais;Namen
5003;Saint-Marc;Saint-Marc;Namen
5004;Bouge;Bouge;Namen
5010;SA SUDPRESSE;SA SUDPRESSE;
5012;Parlement Wallon;Parlement Wallon;
5020;Champion;Champion;Namen
5020;Daussoulx;Daussoulx;Namen
5020;Flawinne;Flawinne;Namen
5020;Malonne;Malonne;Namen
5020;Suarlée;Suarlée;Namen
5020;Temploux;Temploux;Namen
5020;Vedrin;Vedrin;Namen
5021;Boninne;Boninne;Namen
5022;Cognelée;Cognelée;Namen
5024;Gelbressée;Gelbressée;Namen
5024;Marche-Les-Dames;Marche-Les-Dames;Namen
5030;Beuzet;Beuzet;Namen
5030;Ernage;Ernage;Namen
5030;GEMBLOUX;GEMBLOUX;Namen
5030;Grand-Manil;Grand-Manil;Namen
5030;Lonzée;Lonzée;Namen
5030;Sauvenière;Sauvenière;Namen
5031;Grand-Leez;Grand-Leez;Namen
5032;Bossière;Bossière;Namen
5032;Bothey;Bothey;Namen
5032;Corroy-Le-Château;Corroy-Le-Château;Namen
5032;Isnes;Isnes;Namen
5032;Mazy;Mazy;Namen
5060;Arsimont;Arsimont;Namen
5060;Auvelais;Auvelais;Namen
5060;Falisolle;Falisolle;Namen
5060;Keumiée;Keumiée;Namen
5060;Moignelée;Moignelée;Namen
5060;Tamines;Tamines;Namen
5060;Velaine-Sur-Sambre;Velaine-Sur-Sambre;Namen
5070;Aisemont;Aisemont;Namen
5070;FOSSES-LA-VILLE;FOSSES-LA-VILLE;Namen
5070;Le Roux;Le Roux;Namen
5070;Sart-Eustache;Sart-Eustache;Namen
5070;Sart-Saint-Laurent;Sart-Saint-Laurent;Namen
5070;Vitrival;Vitrival;Namen
5080;Emines;Emines;Namen
5080;Rhisnes;Rhisnes;Namen
5080;Villers-Lez-Heest;Villers-Lez-Heest;Namen
5080;Warisoulx;Warisoulx;Namen
5081;Bovesse;Bovesse;Namen
5081;Meux;Meux;Namen
5081;Saint-Denis-Bovesse;Saint-Denis-Bovesse;Namen
5100;Dave;Dave;Namen
5100;Jambes;Jambes;Namen
5100;Naninne;Naninne;Namen
5100;Wépion;Wépion;Namen
5100;Wierde;Wierde;Namen
5101;Erpent;Erpent;Namen
5101;Lives-Sur-Meuse;Lives-Sur-Meuse;Namen
5101;Loyers;Loyers;Namen
5140;Boignée;Boignée;Namen
5140;Ligny;Ligny;Namen
5140;SOMBREFFE;SOMBREFFE;Namen
5140;Tongrinne;Tongrinne;Namen
5150;FLOREFFE;FLOREFFE;Namen
5150;Floriffoux;Floriffoux;Namen
5150;Franière;Franière;Namen
5150;Soye;Soye;Namen
5170;Arbre;Arbre;Namen
5170;Bois-De-Villers;Bois-De-Villers;Namen
5170;Lesve;Lesve;Namen
5170;Lustin;Lustin;Namen
5170;PROFONDEVILLE;PROFONDEVILLE;Namen
5170;Rivière;Rivière;Namen
5190;Balâtre;Balâtre;Namen
5190;Ham-Sur-Sambre;Ham-Sur-Sambre;Namen
5190;JEMEPPE-SUR-SAMBRE;JEMEPPE-SUR-SAMBRE;Namen
5190;Mornimont;Mornimont;Namen
5190;Moustier-Sur-Sambre;Moustier-Sur-Sambre;Namen
5190;Onoz;Onoz;Namen
5190;Saint-Martin;Saint-Martin;Namen
5190;Spy;Spy;Namen
5300;ANDENNE;ANDENNE;Namen
5300;Bonneville;Bonneville;Namen
5300;Coutisse;Coutisse;Namen
5300;Landenne;Landenne;Namen
5300;Maizeret;Maizeret;Namen
5300;Namêche;Namêche;Namen
5300;Sclayn;Sclayn;Namen
5300;Seilles;Seilles;Namen
5300;Thon;Thon;Namen
5300;Vezin;Vezin;Namen
5310;Aische-En-Refail;Aische-En-Refail;Namen
5310;Bolinne;Bolinne;Namen
5310;Boneffe;Boneffe;Namen
5310;Branchon;Branchon;Namen
5310;Dhuy;Dhuy;Namen
5310;EGHEZÉE;EGHEZÉE;Namen
5310;Hanret;Hanret;Namen
5310;Leuze;Leuze;Namen
5310;Liernu;Liernu;Namen
5310;Longchamps;Longchamps;Namen
5310;Mehaigne;Mehaigne;Namen
5310;Noville-Sur-Méhaigne;Noville-Sur-Méhaigne;Namen
5310;Saint-Germain;Saint-Germain;Namen
5310;Taviers;Taviers;Namen
5310;Upigny;Upigny;Namen
5310;Waret-La-Chaussée;Waret-La-Chaussée;Namen
5330;ASSESSE;ASSESSE;Namen
5330;Maillen;Maillen;Namen
5330;Sart-Bernard;Sart-Bernard;Namen
5332;Crupet;Crupet;Namen
5333;Sorinne-La-Longue;Sorinne-La-Longue;Namen
5334;Florée;Florée;Namen
5336;Courrière;Courrière;Namen
5340;Faulx-Les-Tombes;Faulx-Les-Tombes;Namen
5340;GESVES;GESVES;Namen
5340;Haltinne;Haltinne;Namen
5340;Mozet;Mozet;Namen
5340;Sorée;Sorée;Namen
5350;Evelette;Evelette;Namen
5350;OHEY;OHEY;Namen
5351;Haillot;Haillot;Namen
5352;Perwez-Haillot;Perwez-Haillot;Namen
5353;Goesnes;Goesnes;Namen
5354;Jallet;Jallet;Namen
5360;HAMOIS;HAMOIS;Namen
5360;Natoye;Natoye;Namen
5361;Mohiville;Mohiville;Namen
5361;Scy;Scy;Namen
5362;Achet;Achet;Namen
5363;Emptinne;Emptinne;Namen
5364;Schaltin;Schaltin;Namen
5370;Barvaux-Condroz;Barvaux-Condroz;Namen
5370;Flostoy;Flostoy;Namen
5370;HAVELANGE;HAVELANGE;Namen
5370;Jeneffe;Jeneffe;Namen
5370;Porcheresse;Porcheresse;Namen
5370;Verlée;Verlée;Namen
5372;Méan;Méan;Namen
5374;Maffe;Maffe;Namen
5376;Miécret;Miécret;Namen
5377;Baillonville;Baillonville;Namen
5377;Bonsin;Bonsin;Namen
5377;Heure;Heure;Namen
5377;Hogne;Hogne;Namen
5377;Nettinne;Nettinne;Namen
5377;Noiseux;Noiseux;Namen
5377;Sinsin;Sinsin;Namen
5377;SOMME-LEUZE;SOMME-LEUZE;Namen
5377;Waillet;Waillet;Namen
5380;Bierwart;Bierwart;Namen
5380;Cortil-Wodon;Cortil-Wodon;Namen
5380;Forville;Forville;Namen
5380;Franc-Waret;Franc-Waret;Namen
5380;Hemptinne;Hemptinne;Namen
5380;Hingeon;Hingeon;Namen
5380;Marchovelette;Marchovelette;Namen
5380;Noville-Les-Bois;Noville-Les-Bois;Namen
5380;Pontillas;Pontillas;Namen
5380;Tillier;Tillier;Namen
5500;Anseremme;Anseremme;Namen
5500;Bouvignes-Sur-Meuse;Bouvignes-Sur-Meuse;Namen
5500;DINANT;DINANT;Namen
5500;Dréhance;Dréhance;Namen
5500;Falmagne;Falmagne;Namen
5500;Falmignoul;Falmignoul;Namen
5500;Furfooz;Furfooz;Namen
5501;Lisogne;Lisogne;Namen
5502;Thynes;Thynes;Namen
5503;Sorinnes;Sorinnes;Namen
5504;Foy-Notre-Dame;Foy-Notre-Dame;Namen
5520;Anthée;Anthée;Namen
5520;ONHAYE;ONHAYE;Namen
5521;Serville;Serville;Namen
5522;Falaen;Falaen;Namen
5523;Sommière;Sommière;Namen
5523;Weillen;Weillen;Namen
5524;Gerin;Gerin;Namen
5530;Dorinne;Dorinne;Namen
5530;Durnal;Durnal;Namen
5530;Evrehailles;Evrehailles;Namen
5530;Godinne;Godinne;Namen
5530;Houx;Houx;Namen
5530;Mont;Mont;Namen
5530;Purnode;Purnode;Namen
5530;Spontin;Spontin;Namen
5530;YVOIR;YVOIR;Namen
5537;ANHÉE;ANHÉE;Namen
5537;Annevoie-Rouillon;Annevoie-Rouillon;Namen
5537;Bioul;Bioul;Namen
5537;Denée;Denée;Namen
5537;Haut-Le-Wastia;Haut-Le-Wastia;Namen
5537;Sosoye;Sosoye;Namen
5537;Warnant;Warnant;Namen
5540;Hastière-Lavaux;Hastière-Lavaux;Namen
5540;Hermeton-Sur-Meuse;Hermeton-Sur-Meuse;Namen
5540;Waulsort;Waulsort;Namen
5541;Hastière-Par-Delà;Hastière-Par-Delà;Namen
5542;Blaimont;Blaimont;Namen
5543;Heer;Heer;Namen
5544;Agimont;Agimont;Namen
5550;Alle;Alle;Namen
5550;Bagimont;Bagimont;Namen
5550;Bohan;Bohan;Namen
5550;Chairière;Chairière;Namen
5550;Laforet;Laforet;Namen
5550;Membre;Membre;Namen
5550;Mouzaive;Mouzaive;Namen
5550;Nafraiture;Nafraiture;Namen
5550;Orchimont;Orchimont;Namen
5550;Pussemange;Pussemange;Namen
5550;Sugny;Sugny;Namen
5550;VRESSE-SUR-SEMOIS;VRESSE-SUR-SEMOIS;Namen
5555;Baillamont;Baillamont;Namen
5555;Bellefontaine;Bellefontaine;Namen
5555;BIÈVRE;BIÈVRE;Namen
5555;Cornimont;Cornimont;Namen
5555;Graide;Graide;Namen
5555;Gros-Fays;Gros-Fays;Namen
5555;Monceau-En-Ardenne;Monceau-En-Ardenne;Namen
5555;Naomé;Naomé;Namen
5555;Oizy;Oizy;Namen
5555;Petit-Fays;Petit-Fays;Namen
5560;Ciergnon;Ciergnon;Namen
5560;Finnevaux;Finnevaux;Namen
5560;HOUYET;HOUYET;Namen
5560;Hulsonniaux;Hulsonniaux;Namen
5560;Mesnil-Eglise;Mesnil-Eglise;Namen
5560;Mesnil-Saint-Blaise;Mesnil-Saint-Blaise;Namen
5561;Celles;Celles;Namen
5562;Custinne;Custinne;Namen
5563;Hour;Hour;Namen
5564;Wanlin;Wanlin;Namen
5570;Baronville;Baronville;Namen
5570;BEAURAING;BEAURAING;Namen
5570;Dion;Dion;Namen
5570;Felenne;Felenne;Namen
5570;Feschaux;Feschaux;Namen
5570;Honnay;Honnay;Namen
5570;Javingue;Javingue;Namen
5570;Vonêche;Vonêche;Namen
5570;Wancennes;Wancennes;Namen
5570;Winenne;Winenne;Namen
5571;Wiesme;Wiesme;Namen
5572;Focant;Focant;Namen
5573;Martouzin-Neuville;Martouzin-Neuville;Namen
5574;Pondrôme;Pondrôme;Namen
5575;Bourseigne-Neuve;Bourseigne-Neuve;Namen
5575;Bourseigne-Vieille;Bourseigne-Vieille;Namen
5575;GEDINNE;GEDINNE;Namen
5575;Houdremont;Houdremont;Namen
5575;Louette-Saint-Denis;Louette-Saint-Denis;Namen
5575;Louette-Saint-Pierre;Louette-Saint-Pierre;Namen
5575;Malvoisin;Malvoisin;Namen
5575;Patignies;Patignies;Namen
5575;Rienne;Rienne;Namen
5575;Sart-Custinne;Sart-Custinne;Namen
5575;Vencimont;Vencimont;Namen
5575;Willerzie;Willerzie;Namen
5576;Froidfontaine;Froidfontaine;Namen
5580;Ave-Et-Auffe;Ave-Et-Auffe;Namen
5580;Buissonville;Buissonville;Namen
5580;Eprave;Eprave;Namen
5580;Han-Sur-Lesse;Han-Sur-Lesse;Namen
5580;Jemelle;Jemelle;Namen
5580;Lavaux-Saint-Anne;Lavaux-Saint-Anne;Namen
5580;Lessive;Lessive;Namen
5580;Mont-Gauthier;Mont-Gauthier;Namen
5580;ROCHEFORT;ROCHEFORT;Namen
5580;Villers-Sur-Lesse;Villers-Sur-Lesse;Namen
5580;Wavreille;Wavreille;Namen
5590;Achêne;Achêne;Namen
5590;Braibant;Braibant;Namen
5590;Chevetogne;Chevetogne;Namen
5590;CINEY;CINEY;Namen
5590;Conneux;Conneux;Namen
5590;Haversin;Haversin;Namen
5590;Leignon;Leignon;Namen
5590;Pessoux;Pessoux;Namen
5590;Serinchamps;Serinchamps;Namen
5590;Sovet;Sovet;Namen
5600;Fagnolle;Fagnolle;Namen
5600;Franchimont;Franchimont;Namen
5600;Jamagne;Jamagne;Namen
5600;Jamiolle;Jamiolle;Namen
5600;Merlemont;Merlemont;Namen
5600;Neuville;Neuville;Namen
5600;Omezée;Omezée;Namen
5600;PHILIPPEVILLE;PHILIPPEVILLE;Namen
5600;Roly;Roly;Namen
5600;Romedenne;Romedenne;Namen
5600;Samart;Samart;Namen
5600;Sart-En-Fagne;Sart-En-Fagne;Namen
5600;Sautour;Sautour;Namen
5600;Surice;Surice;Namen
5600;Villers-En-Fagne;Villers-En-Fagne;Namen
5600;Villers-Le-Gambon;Villers-Le-Gambon;Namen
5600;Vodecée;Vodecée;Namen
5620;Corenne;Corenne;Namen
5620;Flavion;Flavion;Namen
5620;FLORENNES;FLORENNES;Namen
5620;Hemptinne-Lez-Florennes;Hemptinne-Lez-Florennes;Namen
5620;Morville;Morville;Namen
5620;Rosée;Rosée;Namen
5620;Saint-Aubin;Saint-Aubin;Namen
5621;Hanzinelle;Hanzinelle;Namen
5621;Hanzinne;Hanzinne;Namen
5621;Morialmé;Morialmé;Namen
5621;Thy-Le-Baudouin;Thy-Le-Baudouin;Namen
5630;CERFONTAINE;CERFONTAINE;Namen
5630;Daussois;Daussois;Namen
5630;Senzeille;Senzeille;Namen
5630;Silenrieux;Silenrieux;Namen
5630;Soumoy;Soumoy;Namen
5630;Villers-Deux-Eglises;Villers-Deux-Eglises;Namen
5640;Biesme;Biesme;Namen
5640;Biesmerée;Biesmerée;Namen
5640;Graux;Graux;Namen
5640;METTET;METTET;Namen
5640;Oret;Oret;Namen
5640;Saint-Gérard;Saint-Gérard;Namen
5641;Furnaux;Furnaux;Namen
5644;Ermeton-Sur-Biert;Ermeton-Sur-Biert;Namen
5646;Stave;Stave;Namen
5650;Castillon;Castillon;Namen
5650;Chastrès;Chastrès;Namen
5650;Clermont;Clermont;Namen
5650;Fontenelle;Fontenelle;Namen
5650;Fraire;Fraire;Namen
5650;Pry;Pry;Namen
5650;Vogenée;Vogenée;Namen
5650;WALCOURT;WALCOURT;Namen
5650;Yves-Gomezée;Yves-Gomezée;Namen
5651;Berzée;Berzée;Namen
5651;Gourdinne;Gourdinne;Namen
5651;Laneffe;Laneffe;Namen
5651;Rognée;Rognée;Namen
5651;Somzée;Somzée;Namen
5651;Tarcienne;Tarcienne;Namen
5651;Thy-Le-Château;Thy-Le-Château;Namen
5660;Aublain;Aublain;Namen
5660;Boussu-En-Fagne;Boussu-En-Fagne;Namen
5660;Brûly;Brûly;Namen
5660;Brûly-De-Pesche;Brûly-De-Pesche;Namen
5660;COUVIN;COUVIN;Namen
5660;Cul-Des-Sarts;Cul-Des-Sarts;Namen
5660;Dailly;Dailly;Namen
5660;Frasnes;Frasnes;Namen
5660;Gonrieux;Gonrieux;Namen
5660;Mariembourg;Mariembourg;Namen
5660;Pesche;Pesche;Namen
5660;Petigny;Petigny;Namen
5660;Petite-Chapelle;Petite-Chapelle;Namen
5660;Presgaux;Presgaux;Namen
5670;Dourbes;Dourbes;Namen
5670;Le Mesnil;Le Mesnil;Namen
5670;Mazée;Mazée;Namen
5670;Nismes;Nismes;Namen
5670;Oignies-En-Thiérache;Oignies-En-Thiérache;Namen
5670;Olloy-Sur-Viroin;Olloy-Sur-Viroin;Namen
5670;Treignes;Treignes;Namen
5670;Vierves-Sur-Viroin;Vierves-Sur-Viroin;Namen
5680;DOISCHE;DOISCHE;Namen
5680;Gimnée;Gimnée;Namen
5680;Gochenée;Gochenée;Namen
5680;Matagne-La-Grande;Matagne-La-Grande;Namen
5680;Matagne-La-Petite;Matagne-La-Petite;Namen
5680;Niverlée;Niverlée;Namen
5680;Romerée;Romerée;Namen
5680;Soulme;Soulme;Namen
5680;Vaucelles;Vaucelles;Namen
5680;Vodelée;Vodelée;Namen
6000;CHARLEROI;CHARLEROI;Henegouwen
6001;Marcinelle;Marcinelle;Henegouwen
6010;Couillet;Couillet;Henegouwen
6020;Dampremy;Dampremy;Henegouwen
6030;Goutroux;Goutroux;Henegouwen
6030;Marchienne-Au-Pont;Marchienne-Au-Pont;Henegouwen
6031;Monceau-Sur-Sambre;Monceau-Sur-Sambre;Henegouwen
6032;Mont-Sur-Marchienne;Mont-Sur-Marchienne;Henegouwen
6040;Jumet;Jumet;Henegouwen
6041;Gosselies;Gosselies;Henegouwen
6042;Lodelinsart;Lodelinsart;Henegouwen
6043;Ransart;Ransart;Henegouwen
6044;Roux;Roux;Henegouwen
6060;Gilly;Gilly;Henegouwen
6061;Montignies-Sur-Sambre;Montignies-Sur-Sambre;Henegouwen
6099;Charleroi X;Charleroi X;
6110;MONTIGNY-LE-TILLEUL;MONTIGNY-LE-TILLEUL;Henegouwen
6111;Landelies;Landelies;Henegouwen
6120;Cour-Sur-Heure;Cour-Sur-Heure;Henegouwen
6120;HAM-SUR-HEURE;HAM-SUR-HEURE;Henegouwen
6120;Jamioulx;Jamioulx;Henegouwen
6120;Marbaix;Marbaix;Henegouwen
6120;Nalinnes;Nalinnes;Henegouwen
6140;FONTAINE-L'EVÊQUE;FONTAINE-L'EVÊQUE;Henegouwen
6141;Forchies-La-Marche;Forchies-La-Marche;Henegouwen
6142;Leernes;Leernes;Henegouwen
6150;ANDERLUES;ANDERLUES;Henegouwen
6180;COURCELLES;COURCELLES;Henegouwen
6181;Gouy-Lez-Piéton;Gouy-Lez-Piéton;Henegouwen
6182;Souvret;Souvret;Henegouwen
6183;Trazegnies;Trazegnies;Henegouwen
6200;Bouffioulx;Bouffioulx;Henegouwen
6200;CHÂTELET;CHÂTELET;Henegouwen
6200;Châtelineau;Châtelineau;Henegouwen
6210;Frasnes-Lez-Gosselies;Frasnes-Lez-Gosselies;Henegouwen
6210;Rèves;Rèves;Henegouwen
6210;Villers-Perwin;Villers-Perwin;Henegouwen
6210;Wayaux;Wayaux;Henegouwen
6211;Mellet;Mellet;Henegouwen
6220;FLEURUS;FLEURUS;Henegouwen
6220;Heppignies;Heppignies;Henegouwen
6220;Lambusart;Lambusart;Henegouwen
6220;Wangenies;Wangenies;Henegouwen
6221;Saint-Amand;Saint-Amand;Henegouwen
6222;Brye;Brye;Henegouwen
6223;Wagnelée;Wagnelée;Henegouwen
6224;Wanfercée-Baulet;Wanfercée-Baulet;Henegouwen
6230;Buzet;Buzet;Henegouwen
6230;Obaix;Obaix;Henegouwen
6230;PONT-À-CELLES;PONT-À-CELLES;Henegouwen
6230;Thiméon;Thiméon;Henegouwen
6230;Viesville;Viesville;Henegouwen
6238;Liberchies;Liberchies;Henegouwen
6238;Luttre;Luttre;Henegouwen
6240;FARCIENNES;FARCIENNES;Henegouwen
6240;Pironchamps;Pironchamps;Henegouwen
6250;Aiseau;Aiseau;Henegouwen
6250;Pont-De-Loup;Pont-De-Loup;Henegouwen
6250;Presles;Presles;Henegouwen
6250;Roselies;Roselies;Henegouwen
6280;Acoz;Acoz;Henegouwen
6280;GERPINNES;GERPINNES;Henegouwen
6280;Gougnies;Gougnies;Henegouwen
6280;Joncret;Joncret;Henegouwen
6280;Loverval;Loverval;Henegouwen
6280;Villers-Poterie;Villers-Poterie;Henegouwen
6440;Boussu-Lez-Walcourt;Boussu-Lez-Walcourt;Henegouwen
6440;Fourbechies;Fourbechies;Henegouwen
6440;FROIDCHAPELLE;FROIDCHAPELLE;Henegouwen
6440;Vergnies;Vergnies;Henegouwen
6441;Erpion;Erpion;Henegouwen
6460;Bailièvre;Bailièvre;Henegouwen
6460;CHIMAY;CHIMAY;Henegouwen
6460;Robechies;Robechies;Henegouwen
6460;Saint-Remy;Saint-Remy;Henegouwen
6460;Salles;Salles;Henegouwen
6460;Villers-La-Tour;Villers-La-Tour;Henegouwen
6461;Virelles;Virelles;Henegouwen
6462;Vaulx-Lez-Chimay;Vaulx-Lez-Chimay;Henegouwen
6463;Lompret;Lompret;Henegouwen
6464;Baileux;Baileux;Henegouwen
6464;Bourlers;Bourlers;Henegouwen
6464;Forges;Forges;Henegouwen
6464;L'Escaillère;L'Escaillère;Henegouwen
6464;Rièzes;Rièzes;Henegouwen
6470;Grandrieu;Grandrieu;Henegouwen
6470;Montbliart;Montbliart;Henegouwen
6470;Rance;Rance;Henegouwen
6470;Sautin;Sautin;Henegouwen
6470;Sivry;Sivry;Henegouwen
6500;Barbençon;Barbençon;Henegouwen
6500;BEAUMONT;BEAUMONT;Henegouwen
6500;Leugnies;Leugnies;Henegouwen
6500;Leval-Chaudeville;Leval-Chaudeville;Henegouwen
6500;Renlies;Renlies;Henegouwen
6500;Solre-Saint-Géry;Solre-Saint-Géry;Henegouwen
6500;Thirimont;Thirimont;Henegouwen
6511;Strée;Strée;Henegouwen
6530;Leers-Et-Fosteau;Leers-Et-Fosteau;Henegouwen
6530;THUIN;THUIN;Henegouwen
6531;Biesme-Sous-Thuin;Biesme-Sous-Thuin;Henegouwen
6532;Ragnies;Ragnies;Henegouwen
6533;Biercée;Biercée;Henegouwen
6534;Gozée;Gozée;Henegouwen
6536;Donstiennes;Donstiennes;Henegouwen
6536;Thuillies;Thuillies;Henegouwen
6540;LOBBES;LOBBES;Henegouwen
6540;Mont-Sainte-Geneviève;Mont-Sainte-Geneviève;Henegouwen
6542;Sars-La-Buissière;Sars-La-Buissière;Henegouwen
6543;Bienne-Lez-Happart;Bienne-Lez-Happart;Henegouwen
6560;Bersillies-L'Abbaye;Bersillies-L'Abbaye;Henegouwen
6560;ERQUELINNES;ERQUELINNES;Henegouwen
6560;Grand-Reng;Grand-Reng;Henegouwen
6560;Hantes-Wihéries;Hantes-Wihéries;Henegouwen
6560;Montignies-Saint-Christophe;Montignies-Saint-Christophe;Henegouwen
6560;Solre-Sur-Sambre;Solre-Sur-Sambre;Henegouwen
6567;Fontaine-Valmont;Fontaine-Valmont;Henegouwen
6567;Labuissière;Labuissière;Henegouwen
6567;MERBES-LE-CHÂTEAU;MERBES-LE-CHÂTEAU;Henegouwen
6567;Merbes-Sainte-Marie;Merbes-Sainte-Marie;Henegouwen
6590;MOMIGNIES;MOMIGNIES;Henegouwen
6591;Macon;Macon;Henegouwen
6592;Monceau-Imbrechies;Monceau-Imbrechies;Henegouwen
6593;Macquenoise;Macquenoise;Henegouwen
6594;Beauwelz;Beauwelz;Henegouwen
6596;Forge-Philippe;Forge-Philippe;Henegouwen
6596;Seloignes;Seloignes;Henegouwen
6600;BASTOGNE;BASTOGNE;Luxemburg
6600;Longvilly;Longvilly;Luxemburg
6600;Noville;Noville;Luxemburg
6600;Villers-La-Bonne-Eau;Villers-La-Bonne-Eau;Luxemburg
6600;Wardin;Wardin;Luxemburg
6630;MARTELANGE;MARTELANGE;Luxemburg
6637;FAUVILLERS;FAUVILLERS;Luxemburg
6637;Hollange;Hollange;Luxemburg
6637;Tintange;Tintange;Luxemburg
6640;Hompré;Hompré;Luxemburg
6640;Morhet;Morhet;Luxemburg
6640;Nives;Nives;Luxemburg
6640;Sibret;Sibret;Luxemburg
6640;Vaux-Lez-Rosières;Vaux-Lez-Rosières;Luxemburg
6640;VAUX-SUR-SÛRE;VAUX-SUR-SÛRE;Luxemburg
6642;Juseret;Juseret;Luxemburg
6660;HOUFFALIZE;HOUFFALIZE;Luxemburg
6660;Nadrin;Nadrin;Luxemburg
6661;Mont;Mont;Luxemburg
6661;Tailles;Tailles;Luxemburg
6662;Tavigny;Tavigny;Luxemburg
6663;Mabompré;Mabompré;Luxemburg
6666;Wibrin;Wibrin;Luxemburg
6670;GOUVY;GOUVY;Luxemburg
6670;Limerlé;Limerlé;Luxemburg
6671;Bovigny;Bovigny;Luxemburg
6672;Beho;Beho;Luxemburg
6673;Cherain;Cherain;Luxemburg
6674;Montleban;Montleban;Luxemburg
6680;Amberloup;Amberloup;Luxemburg
6680;Tillet;Tillet;Luxemburg
6681;Lavacherie;Lavacherie;Luxemburg
6686;Flamierge;Flamierge;Luxemburg
6687;BERTOGNE;BERTOGNE;Luxemburg
6688;Longchamps;Longchamps;Luxemburg
6690;Bihain;Bihain;Luxemburg
6690;VIELSALM;VIELSALM;Luxemburg
6692;Petit-Thier;Petit-Thier;Luxemburg
6698;Grand-Halleux;Grand-Halleux;Luxemburg
6700;ARLON;ARLON;Luxemburg
6700;Bonnert;Bonnert;Luxemburg
6700;Heinsch;Heinsch;Luxemburg
6700;Toernich;Toernich;Luxemburg
6704;Guirsch;Guirsch;Luxemburg
6706;Autelbas;Autelbas;Luxemburg
6717;ATTERT;ATTERT;Luxemburg
6717;Nobressart;Nobressart;Luxemburg
6717;Nothomb;Nothomb;Luxemburg
6717;Thiaumont;Thiaumont;Luxemburg
6717;Tontelange;Tontelange;Luxemburg
6720;Habay-La-Neuve;Habay-La-Neuve;Luxemburg
6720;Hachy;Hachy;Luxemburg
6721;Anlier;Anlier;Luxemburg
6723;Habay-La-Vieille;Habay-La-Vieille;Luxemburg
6724;Houdemont;Houdemont;Luxemburg
6724;Rulles;Rulles;Luxemburg
6730;Bellefontaine;Bellefontaine;Luxemburg
6730;Rossignol;Rossignol;Luxemburg
6730;Saint-Vincent;Saint-Vincent;Luxemburg
6730;TINTIGNY;TINTIGNY;Luxemburg
6740;ETALLE;ETALLE;Luxemburg
6740;Sainte-Marie-Sur-Semois;Sainte-Marie-Sur-Semois;Luxemburg
6740;Villers-Sur-Semois;Villers-Sur-Semois;Luxemburg
6741;Vance;Vance;Luxemburg
6742;Chantemelle;Chantemelle;Luxemburg
6743;Buzenol;Buzenol;Luxemburg
6747;Châtillon;Châtillon;Luxemburg
6747;Meix-Le-Tige;Meix-Le-Tige;Luxemburg
6747;SAINT-LÉGER;SAINT-LÉGER;Luxemburg
6750;MUSSON;MUSSON;Luxemburg
6750;Mussy-La-Ville;Mussy-La-Ville;Luxemburg
6750;Signeulx;Signeulx;Luxemburg
6760;Bleid;Bleid;Luxemburg
6760;Ethe;Ethe;Luxemburg
6760;Ruette;Ruette;Luxemburg
6760;VIRTON;VIRTON;Luxemburg
6761;Latour;Latour;Luxemburg
6762;Saint-Mard;Saint-Mard;Luxemburg
6767;Dampicourt;Dampicourt;Luxemburg
6767;Harnoncourt;Harnoncourt;Luxemburg
6767;Lamorteau;Lamorteau;Luxemburg
6767;Torgny;Torgny;Luxemburg
6769;Gérouville;Gérouville;Luxemburg
6769;MEIX-DEVANT-VIRTON;MEIX-DEVANT-VIRTON;Luxemburg
6769;Robelmont;Robelmont;Luxemburg
6769;Sommethonne;Sommethonne;Luxemburg
6769;Villers-La-Loue;Villers-La-Loue;Luxemburg
6780;Hondelange;Hondelange;Luxemburg
6780;MESSANCY;MESSANCY;Luxemburg
6780;Wolkrange;Wolkrange;Luxemburg
6781;Sélange;Sélange;Luxemburg
6782;Habergy;Habergy;Luxemburg
6790;AUBANGE;AUBANGE;Luxemburg
6791;Athus;Athus;Luxemburg
6792;Halanzy;Halanzy;Luxemburg
6792;Rachecourt;Rachecourt;Luxemburg
6800;Bras;Bras;Luxemburg
6800;Freux;Freux;Luxemburg
6800;LIBRAMONT-CHEVIGNY;LIBRAMONT-CHEVIGNY;Luxemburg
6800;Moircy;Moircy;Luxemburg
6800;Recogne;Recogne;Luxemburg
6800;Remagne;Remagne;Luxemburg
6800;Saint-Pierre;Saint-Pierre;Luxemburg
6800;Sainte-Marie-Chevigny;Sainte-Marie-Chevigny;Luxemburg
6810;CHINY;CHINY;Luxemburg
6810;Izel;Izel;Luxemburg
6810;Jamoigne;Jamoigne;Luxemburg
6811;Les Bulles;Les Bulles;Luxemburg
6812;Suxy;Suxy;Luxemburg
6813;Termes;Termes;Luxemburg
6820;FLORENVILLE;FLORENVILLE;Luxemburg
6820;Fontenoille;Fontenoille;Luxemburg
6820;Muno;Muno;Luxemburg
6820;Sainte-Cécile;Sainte-Cécile;Luxemburg
6821;Lacuisine;Lacuisine;Luxemburg
6823;Villers-Devant-Orval;Villers-Devant-Orval;Luxemburg
6824;Chassepierre;Chassepierre;Luxemburg
6830;BOUILLON;BOUILLON;Luxemburg
6830;Les Hayons;Les Hayons;Luxemburg
6830;Poupehan;Poupehan;Luxemburg
6830;Rochehaut;Rochehaut;Luxemburg
6831;Noirfontaine;Noirfontaine;Luxemburg
6832;Sensenruth;Sensenruth;Luxemburg
6833;Ucimont;Ucimont;Luxemburg
6833;Vivy;Vivy;Luxemburg
6834;Bellevaux;Bellevaux;Luxemburg
6836;Dohan;Dohan;Luxemburg
6838;Corbion;Corbion;Luxemburg
6840;Grandvoir;Grandvoir;Luxemburg
6840;Grapfontaine;Grapfontaine;Luxemburg
6840;Hamipré;Hamipré;Luxemburg
6840;Longlier;Longlier;Luxemburg
6840;NEUFCHÂTEAU;NEUFCHÂTEAU;Luxemburg
6840;Tournay;Tournay;Luxemburg
6850;Carlsbourg;Carlsbourg;Luxemburg
6850;Offagne;Offagne;Luxemburg
6850;PALISEUL;PALISEUL;Luxemburg
6851;Nollevaux;Nollevaux;Luxemburg
6852;Maissin;Maissin;Luxemburg
6852;Opont;Opont;Luxemburg
6853;Framont;Framont;Luxemburg
6856;Fays-Les-Veneurs;Fays-Les-Veneurs;Luxemburg
6860;Assenois;Assenois;Luxemburg
6860;Ebly;Ebly;Luxemburg
6860;LÉGLISE;LÉGLISE;Luxemburg
6860;Mellier;Mellier;Luxemburg
6860;Witry;Witry;Luxemburg
6870;Arville;Arville;Luxemburg
6870;Awenne;Awenne;Luxemburg
6870;Hatrival;Hatrival;Luxemburg
6870;Mirwart;Mirwart;Luxemburg
6870;SAINT-HUBERT;SAINT-HUBERT;Luxemburg
6870;Vesqueville;Vesqueville;Luxemburg
6880;Auby-Sur-Semois;Auby-Sur-Semois;Luxemburg
6880;BERTRIX;BERTRIX;Luxemburg
6880;Cugnon;Cugnon;Luxemburg
6880;Jehonville;Jehonville;Luxemburg
6880;Orgeo;Orgeo;Luxemburg
6887;HERBEUMONT;HERBEUMONT;Luxemburg
6887;Saint-Médard;Saint-Médard;Luxemburg
6887;Straimont;Straimont;Luxemburg
6890;Anloy;Anloy;Luxemburg
6890;LIBIN;LIBIN;Luxemburg
6890;Ochamps;Ochamps;Luxemburg
6890;Redu;Redu;Luxemburg
6890;Smuid;Smuid;Luxemburg
6890;Transinne;Transinne;Luxemburg
6890;Villance;Villance;Luxemburg
6900;Aye;Aye;Luxemburg
6900;Hargimont;Hargimont;Luxemburg
6900;Humain;Humain;Luxemburg
6900;MARCHE-EN-FAMENNE;MARCHE-EN-FAMENNE;Luxemburg
6900;On;On;Luxemburg
6900;Roy;Roy;Luxemburg
6900;Waha;Waha;Luxemburg
6920;Sohier;Sohier;Luxemburg
6920;WELLIN;WELLIN;Luxemburg
6921;Chanly;Chanly;Luxemburg
6922;Halma;Halma;Luxemburg
6924;Lomprez;Lomprez;Luxemburg
6927;Bure;Bure;Luxemburg
6927;Grupont;Grupont;Luxemburg
6927;Resteigne;Resteigne;Luxemburg
6927;TELLIN;TELLIN;Luxemburg
6929;DAVERDISSE;DAVERDISSE;Luxemburg
6929;Gembes;Gembes;Luxemburg
6929;Haut-Fays;Haut-Fays;Luxemburg
6929;Porcheresse;Porcheresse;Luxemburg
6940;Barvaux-Sur-Ourthe;Barvaux-Sur-Ourthe;Luxemburg
6940;DURBUY;DURBUY;Luxemburg
6940;Grandhan;Grandhan;Luxemburg
6940;Septon;Septon;Luxemburg
6940;Wéris;Wéris;Luxemburg
6941;Bende;Bende;Luxemburg
6941;Bomal-Sur-Ourthe;Bomal-Sur-Ourthe;Luxemburg
6941;Borlon;Borlon;Luxemburg
6941;Heyd;Heyd;Luxemburg
6941;Izier;Izier;Luxemburg
6941;Tohogne;Tohogne;Luxemburg
6941;Villers-Sainte-Gertrude;Villers-Sainte-Gertrude;Luxemburg
6950;Harsin;Harsin;Luxemburg
6950;NASSOGNE;NASSOGNE;Luxemburg
6951;Bande;Bande;Luxemburg
6952;Grune;Grune;Luxemburg
6953;Ambly;Ambly;Luxemburg
6953;Forrières;Forrières;Luxemburg
6953;Lesterny;Lesterny;Luxemburg
6953;Masbourg;Masbourg;Luxemburg
6960;Dochamps;Dochamps;Luxemburg
6960;Grandmenil;Grandmenil;Luxemburg
6960;Harre;Harre;Luxemburg
6960;Malempré;Malempré;Luxemburg
6960;Odeigne;Odeigne;Luxemburg
6960;Vaux-Chavanne;Vaux-Chavanne;Luxemburg
6970;TENNEVILLE;TENNEVILLE;Luxemburg
6971;Champlon;Champlon;Luxemburg
6972;Erneuville;Erneuville;Luxemburg
6980;Beausaint;Beausaint;Luxemburg
6980;LA ROCHE-EN-ARDENNE;LA ROCHE-EN-ARDENNE;Luxemburg
6982;Samrée;Samrée;Luxemburg
6983;Ortho;Ortho;Luxemburg
6984;Hives;Hives;Luxemburg
6986;Halleux;Halleux;Luxemburg
6987;Beffe;Beffe;Luxemburg
6987;Hodister;Hodister;Luxemburg
6987;Marcourt;Marcourt;Luxemburg
6987;RENDEUX;RENDEUX;Luxemburg
6990;Fronville;Fronville;Luxemburg
6990;Hampteau;Hampteau;Luxemburg
6990;HOTTON;HOTTON;Luxemburg
6990;Marenne;Marenne;Luxemburg
6997;Amonines;Amonines;Luxemburg
6997;EREZÉE;EREZÉE;Luxemburg
6997;Mormont;Mormont;Luxemburg
6997;Soy;Soy;Luxemburg
7000;MONS;MONS;Henegouwen
7010;SHAPE;SHAPE;
7011;Ghlin;Ghlin;Henegouwen
7012;Flénu;Flénu;Henegouwen
7012;Jemappes;Jemappes;Henegouwen
7020;Maisières;Maisières;Henegouwen
7020;Nimy;Nimy;Henegouwen
7021;Havre;Havre;Henegouwen
7022;Harmignies;Harmignies;Henegouwen
7022;Harveng;Harveng;Henegouwen
7022;Hyon;Hyon;Henegouwen
7022;Mesvin;Mesvin;Henegouwen
7022;Nouvelles;Nouvelles;Henegouwen
7024;Ciply;Ciply;Henegouwen
7030;Saint-Symphorien;Saint-Symphorien;Henegouwen
7031;Villers-Saint-Ghislain;Villers-Saint-Ghislain;Henegouwen
7032;Spiennes;Spiennes;Henegouwen
7033;Cuesmes;Cuesmes;Henegouwen
7034;Obourg;Obourg;Henegouwen
7034;Saint-Denis;Saint-Denis;Henegouwen
7040;Asquillies;Asquillies;Henegouwen
7040;Aulnois;Aulnois;Henegouwen
7040;Blaregnies;Blaregnies;Henegouwen
7040;Bougnies;Bougnies;Henegouwen
7040;Genly;Genly;Henegouwen
7040;Goegnies-Chaussée;Goegnies-Chaussée;Henegouwen
7040;Quévy-Le-Grand;Quévy-Le-Grand;Henegouwen
7040;Quévy-Le-Petit;Quévy-Le-Petit;Henegouwen
7041;Givry;Givry;Henegouwen
7041;Havay;Havay;Henegouwen
7050;Erbaut;Erbaut;Henegouwen
7050;Erbisoeul;Erbisoeul;Henegouwen
7050;Herchies;Herchies;Henegouwen
7050;JURBISE;JURBISE;Henegouwen
7050;Masnuy-Saint-Jean;Masnuy-Saint-Jean;Henegouwen
7050;Masnuy-Saint-Pierre;Masnuy-Saint-Pierre;Henegouwen
7060;Horrues;Horrues;Henegouwen
7060;SOIGNIES;SOIGNIES;Henegouwen
7061;Casteau;Casteau;Henegouwen
7061;Thieusies;Thieusies;Henegouwen
7062;Naast;Naast;Henegouwen
7063;Chaussée-Notre-Dame-Louvignies;Chaussée-Notre-Dame-Louvignies;Henegouwen
7063;Neufvilles;Neufvilles;Henegouwen
7070;Gottignies;Gottignies;Henegouwen
7070;LE ROEULX;LE ROEULX;Henegouwen
7070;Mignault;Mignault;Henegouwen
7070;Thieu;Thieu;Henegouwen
7070;Ville-Sur-Haine;Ville-Sur-Haine;Henegouwen
7080;Eugies;Eugies;Henegouwen
7080;FRAMERIES;FRAMERIES;Henegouwen
7080;La Bouverie;La Bouverie;Henegouwen
7080;Noirchain;Noirchain;Henegouwen
7080;Sars-La-Bruyère;Sars-La-Bruyère;Henegouwen
7090;BRAINE-LE-COMTE;BRAINE-LE-COMTE;Henegouwen
7090;Hennuyères;Hennuyères;Henegouwen
7090;Henripont;Henripont;Henegouwen
7090;Petit-Roeulx-Lez-Braine;Petit-Roeulx-Lez-Braine;Henegouwen
7090;Ronquières;Ronquières;Henegouwen
7090;Steenkerque;Steenkerque;Henegouwen
7100;Haine-Saint-Paul;Haine-Saint-Paul;Henegouwen
7100;Haine-Saint-Pierre;Haine-Saint-Pierre;Henegouwen
7100;LA LOUVIÈRE;LA LOUVIÈRE;Henegouwen
7100;Saint-Vaast;Saint-Vaast;Henegouwen
7100;Trivières;Trivières;Henegouwen
7110;Boussoit;Boussoit;Henegouwen
7110;Houdeng-Aimeries;Houdeng-Aimeries;Henegouwen
7110;Houdeng-Goegnies;Houdeng-Goegnies;Henegouwen
7110;Maurage;Maurage;Henegouwen
7110;Strépy-Bracquegnies;Strépy-Bracquegnies;Henegouwen
7120;Croix-Lez-Rouveroy;Croix-Lez-Rouveroy;Henegouwen
7120;Estinnes-Au-Mont;Estinnes-Au-Mont;Henegouwen
7120;Estinnes-Au-Val;Estinnes-Au-Val;Henegouwen
7120;Fauroeulx;Fauroeulx;Henegouwen
7120;Haulchin;Haulchin;Henegouwen
7120;Peissant;Peissant;Henegouwen
7120;Rouveroy;Rouveroy;Henegouwen
7120;Vellereille-Le-Sec;Vellereille-Le-Sec;Henegouwen
7120;Vellereille-Les-Brayeux;Vellereille-Les-Brayeux;Henegouwen
7130;Battignies;Battignies;Henegouwen
7130;BINCHE;BINCHE;Henegouwen
7130;Bray;Bray;Henegouwen
7131;Waudrez;Waudrez;Henegouwen
7133;Buvrinnes;Buvrinnes;Henegouwen
7134;Epinois;Epinois;Henegouwen
7134;Leval-Trahegnies;Leval-Trahegnies;Henegouwen
7134;Péronnes-Lez-Binche;Péronnes-Lez-Binche;Henegouwen
7134;Ressaix;Ressaix;Henegouwen
7140;Morlanwelz-Mariemont;Morlanwelz-Mariemont;Henegouwen
7141;Carnières;Carnières;Henegouwen
7141;Mont-Sainte-Aldegonde;Mont-Sainte-Aldegonde;Henegouwen
7160;CHAPELLE-LEZ-HERLAIMONT;CHAPELLE-LEZ-HERLAIMONT;Henegouwen
7160;Godarville;Godarville;Henegouwen
7160;Piéton;Piéton;Henegouwen
7170;Bellecourt;Bellecourt;Henegouwen
7170;Bois-D'Haine;Bois-D'Haine;Henegouwen
7170;Fayt-Lez-Manage;Fayt-Lez-Manage;Henegouwen
7170;La Hestre;La Hestre;Henegouwen
7170;MANAGE;MANAGE;Henegouwen
7180;SENEFFE;SENEFFE;Henegouwen
7181;Arquennes;Arquennes;Henegouwen
7181;Familleureux;Familleureux;Henegouwen
7181;Feluy;Feluy;Henegouwen
7181;Petit-Roeulx-Lez-Nivelles;Petit-Roeulx-Lez-Nivelles;Henegouwen
7190;Ecaussinnes-D'Enghien;Ecaussinnes-D'Enghien;Henegouwen
7190;Marche-Lez-Ecaussinnes;Marche-Lez-Ecaussinnes;Henegouwen
7191;Ecaussinnes-Lalaing;Ecaussinnes-Lalaing;Henegouwen
7300;BOUSSU;BOUSSU;Henegouwen
7301;Hornu;Hornu;Henegouwen
7320;BERNISSART;BERNISSART;Henegouwen
7321;Blaton;Blaton;Henegouwen
7321;Harchies;Harchies;Henegouwen
7322;Pommeroeul;Pommeroeul;Henegouwen
7322;Ville-Pommeroeul;Ville-Pommeroeul;Henegouwen
7330;SAINT-GHISLAIN;SAINT-GHISLAIN;Henegouwen
7331;Baudour;Baudour;Henegouwen
7332;Neufmaison;Neufmaison;Henegouwen
7332;Sirault;Sirault;Henegouwen
7333;Tertre;Tertre;Henegouwen
7334;Hautrage;Hautrage;Henegouwen
7334;Villerot;Villerot;Henegouwen
7340;COLFONTAINE;COLFONTAINE;Henegouwen
7340;Paturages;Paturages;Henegouwen
7340;Warquignies;Warquignies;Henegouwen
7340;Wasmes;Wasmes;Henegouwen
7350;Hainin;Hainin;Henegouwen
7350;HENSIES;HENSIES;Henegouwen
7350;Montroeul-Sur-Haine;Montroeul-Sur-Haine;Henegouwen
7350;Thulin;Thulin;Henegouwen
7370;Blaugies;Blaugies;Henegouwen
7370;DOUR;DOUR;Henegouwen
7370;Elouges;Elouges;Henegouwen
7370;Wihéries;Wihéries;Henegouwen
7380;Baisieux;Baisieux;Henegouwen
7380;QUIÉVRAIN;QUIÉVRAIN;Henegouwen
7382;Audregnies;Audregnies;Henegouwen
7387;Angre;Angre;Henegouwen
7387;Angreau;Angreau;Henegouwen
7387;Athis;Athis;Henegouwen
7387;Autreppe;Autreppe;Henegouwen
7387;Erquennes;Erquennes;Henegouwen
7387;Fayt-Le-Franc;Fayt-Le-Franc;Henegouwen
7387;Marchipont;Marchipont;Henegouwen
7387;Montignies-Sur-Roc;Montignies-Sur-Roc;Henegouwen
7387;Onnezies;Onnezies;Henegouwen
7387;Roisin;Roisin;Henegouwen
7390;QUAREGNON;QUAREGNON;Henegouwen
7390;Wasmuel;Wasmuel;Henegouwen
7500;Ere;Ere;Henegouwen
7500;Saint-Maur;Saint-Maur;Henegouwen
7500;TOURNAI;TOURNAI;Henegouwen
7501;Orcq;Orcq;Henegouwen
7502;Esplechin;Esplechin;Henegouwen
7503;Froyennes;Froyennes;Henegouwen
7504;Froidmont;Froidmont;Henegouwen
7506;Willemeau;Willemeau;Henegouwen
7510;3 SUISSES;3 SUISSES;
7511;VITRINE MAGIQUE;VITRINE MAGIQUE;
7512;YVES ROCHER;YVES ROCHER;
7513;YVES ROCHER;YVES ROCHER;
7520;Ramegnies-Chin;Ramegnies-Chin;Henegouwen
7520;Templeuve;Templeuve;Henegouwen
7521;Chercq;Chercq;Henegouwen
7522;Blandain;Blandain;Henegouwen
7522;Hertain;Hertain;Henegouwen
7522;Lamain;Lamain;Henegouwen
7522;Marquain;Marquain;Henegouwen
7530;Gaurain-Ramecroix;Gaurain-Ramecroix;Henegouwen
7531;Havinnes;Havinnes;Henegouwen
7532;Beclers;Beclers;Henegouwen
7533;Thimougies;Thimougies;Henegouwen
7534;Barry;Barry;Henegouwen
7534;Maulde;Maulde;Henegouwen
7536;Vaulx;Vaulx;Henegouwen
7538;Vezon;Vezon;Henegouwen
7540;Kain;Kain;Henegouwen
7540;Melles;Melles;Henegouwen
7540;Quartes;Quartes;Henegouwen
7540;Rumillies;Rumillies;Henegouwen
7542;Mont-Saint-Aubert;Mont-Saint-Aubert;Henegouwen
7543;Mourcourt;Mourcourt;Henegouwen
7548;Warchin;Warchin;Henegouwen
7600;PÉRUWELZ;PÉRUWELZ;Henegouwen
7601;Roucourt;Roucourt;Henegouwen
7602;Bury;Bury;Henegouwen
7603;Bon-Secours;Bon-Secours;Henegouwen
7604;Baugnies;Baugnies;Henegouwen
7604;Braffe;Braffe;Henegouwen
7604;Brasmenil;Brasmenil;Henegouwen
7604;Callenelle;Callenelle;Henegouwen
7604;Wasmes-Audemez-Briffoeil;Wasmes-Audemez-Briffoeil;Henegouwen
7608;Wiers;Wiers;Henegouwen
7610;RUMES;RUMES;Henegouwen
7611;La Glanerie;La Glanerie;Henegouwen
7618;Taintignies;Taintignies;Henegouwen
7620;Bléharies;Bléharies;Henegouwen
7620;Guignies;Guignies;Henegouwen
7620;Hollain;Hollain;Henegouwen
7620;Jollain-Merlin;Jollain-Merlin;Henegouwen
7620;Wez-Velvain;Wez-Velvain;Henegouwen
7621;Lesdain;Lesdain;Henegouwen
7622;Laplaigne;Laplaigne;Henegouwen
7623;Rongy;Rongy;Henegouwen
7624;Howardries;Howardries;Henegouwen
7640;ANTOING;ANTOING;Henegouwen
7640;Maubray;Maubray;Henegouwen
7640;Péronnes-Lez-Antoing;Péronnes-Lez-Antoing;Henegouwen
7641;Bruyelle;Bruyelle;Henegouwen
7642;Calonne;Calonne;Henegouwen
7643;Fontenoy;Fontenoy;Henegouwen
7700;Luingne;Luingne;Henegouwen
7700;MOESKROEN;MOUSCRON;Henegouwen
7711;Dottenijs;Dottignies;Henegouwen
7712;Herseaux;Herseaux;Henegouwen
7730;Bailleul;Bailleul;Henegouwen
7730;Estaimbourg;Estaimbourg;Henegouwen
7730;ESTAIMPUIS;ESTAIMPUIS;Henegouwen
7730;Evregnies;Evregnies;Henegouwen
7730;Leers-Nord;Leers-Nord;Henegouwen
7730;Néchin;Néchin;Henegouwen
7730;Saint-Léger;Saint-Léger;Henegouwen
7740;PECQ;PECQ;Henegouwen
7740;Warcoing;Warcoing;Henegouwen
7742;Hérinnes-Lez-Pecq;Hérinnes-Lez-Pecq;Henegouwen
7743;Esquelmes;Esquelmes;Henegouwen
7743;Obigies;Obigies;Henegouwen
7750;Amougies;Amougies;Henegouwen
7750;Anseroeul;Anseroeul;Henegouwen
7750;Orroir;Orroir;Henegouwen
7750;Russeignies;Russeignies;Henegouwen
7760;CELLES;CELLES;Henegouwen
7760;Escanaffles;Escanaffles;Henegouwen
7760;Molenbaix;Molenbaix;Henegouwen
7760;Popuelles;Popuelles;Henegouwen
7760;Pottes;Pottes;Henegouwen
7760;Velaines;Velaines;Henegouwen
7780;Komen;Comines;Henegouwen
7780;KOMEN-WAASTEN;COMINES-WARNETON;Henegouwen
7781;Houthem;Houthem;Henegouwen
7782;Ploegsteert;Ploegsteert;Henegouwen
7783;Bizet;Bizet;Henegouwen
7784;Neerwaasten;Bas-Warneton;Henegouwen
7784;Waasten;Warneton;Henegouwen
7800;ATH;ATH;Henegouwen
7800;Lanquesaint;Lanquesaint;Henegouwen
7801;Irchonwelz;Irchonwelz;Henegouwen
7802;Ormeignies;Ormeignies;Henegouwen
7803;Bouvignies;Bouvignies;Henegouwen
7804;Ostiches;Ostiches;Henegouwen
7804;Rebaix;Rebaix;Henegouwen
7810;Maffle;Maffle;Henegouwen
7811;Arbre;Arbre;Henegouwen
7812;Houtaing;Houtaing;Henegouwen
7812;Ligne;Ligne;Henegouwen
7812;Mainvault;Mainvault;Henegouwen
7812;Moulbaix;Moulbaix;Henegouwen
7812;Villers-Notre-Dame;Villers-Notre-Dame;Henegouwen
7812;Villers-Saint-Amand;Villers-Saint-Amand;Henegouwen
7822;Ghislenghien;Ghislenghien;Henegouwen
7822;Isières;Isières;Henegouwen
7822;Meslin-L'Evêque;Meslin-L'Evêque;Henegouwen
7823;Gibecq;Gibecq;Henegouwen
7830;Bassilly;Bassilly;Henegouwen
7830;Fouleng;Fouleng;Henegouwen
7830;Gondregnies;Gondregnies;Henegouwen
7830;Graty;Graty;Henegouwen
7830;Hellebecq;Hellebecq;Henegouwen
7830;Hoves;Hoves;Henegouwen
7830;SILLY;SILLY;Henegouwen
7830;Thoricourt;Thoricourt;Henegouwen
7850;EDINGEN;ENGHIEN;Henegouwen
7850;Lettelingen;Marcq;Henegouwen
7850;Mark;Petit-Enghien;Henegouwen
7860;LESSINES;LESSINES;Henegouwen
7861;Papignies;Papignies;Henegouwen
7861;Wannebecq;Wannebecq;Henegouwen
7862;Ogy;Ogy;Henegouwen
7863;Ghoy;Ghoy;Henegouwen
7864;Deux-Acren;Deux-Acren;Henegouwen
7866;Bois-De-Lessines;Bois-De-Lessines;Henegouwen
7866;Ollignies;Ollignies;Henegouwen
7870;Bauffe;Bauffe;Henegouwen
7870;Cambron-Saint-Vincent;Cambron-Saint-Vincent;Henegouwen
7870;LENS;LENS;Henegouwen
7870;Lombise;Lombise;Henegouwen
7870;Montignies-Lez-Lens;Montignies-Lez-Lens;Henegouwen
7880;VLOESBERG;FLOBECQ;Henegouwen
7890;ELLEZELLES;ELLEZELLES;Henegouwen
7890;Lahamaide;Lahamaide;Henegouwen
7890;Wodecq;Wodecq;Henegouwen
7900;Grandmetz;Grandmetz;Henegouwen
7900;LEUZE-EN-HAINAUT;LEUZE-EN-HAINAUT;Henegouwen
7901;Thieulain;Thieulain;Henegouwen
7903;Blicquy;Blicquy;Henegouwen
7903;Chapelle-À-Oie;Chapelle-À-Oie;Henegouwen
7903;Chapelle-À-Wattines;Chapelle-À-Wattines;Henegouwen
7904;Pipaix;Pipaix;Henegouwen
7904;Tourpes;Tourpes;Henegouwen
7904;Willaupuis;Willaupuis;Henegouwen
7906;Gallaix;Gallaix;Henegouwen
7910;Anvaing;Anvaing;Henegouwen
7910;Arc-Ainières;Arc-Ainières;Henegouwen
7910;Arc-Wattripont;Arc-Wattripont;Henegouwen
7910;Cordes;Cordes;Henegouwen
7910;Ellignies-Lez-Frasnes;Ellignies-Lez-Frasnes;Henegouwen
7910;Forest;Forest;Henegouwen
7910;Wattripont;Wattripont;Henegouwen
7911;Buissenal;Buissenal;Henegouwen
7911;Frasnes-Lez-Buissenal;Frasnes-Lez-Buissenal;Henegouwen
7911;Hacquegnies;Hacquegnies;Henegouwen
7911;Herquegies;Herquegies;Henegouwen
7911;Montroeul-Au-Bois;Montroeul-Au-Bois;Henegouwen
7911;Moustier;Moustier;Henegouwen
7911;Oeudeghien;Oeudeghien;Henegouwen
7912;Dergneau;Dergneau;Henegouwen
7912;Saint-Sauveur;Saint-Sauveur;Henegouwen
7940;BRUGELETTE;BRUGELETTE;Henegouwen
7940;Cambron-Casteau;Cambron-Casteau;Henegouwen
7941;Attre;Attre;Henegouwen
7942;Mévergnies-Lez-Lens;Mévergnies-Lez-Lens;Henegouwen
7943;Gages;Gages;Henegouwen
7950;CHIÈVRES;CHIÈVRES;Henegouwen
7950;Grosage;Grosage;Henegouwen
7950;Huissignies;Huissignies;Henegouwen
7950;Ladeuze;Ladeuze;Henegouwen
7950;Tongre-Saint-Martin;Tongre-Saint-Martin;Henegouwen
7951;Tongre-Notre-Dame;Tongre-Notre-Dame;Henegouwen
7970;BELOEIL;BELOEIL;Henegouwen
7971;Basècles;Basècles;Henegouwen
7971;Ramegnies;Ramegnies;Henegouwen
7971;Thumaide;Thumaide;Henegouwen
7971;Wadelincourt;Wadelincourt;Henegouwen
7972;Aubechies;Aubechies;Henegouwen
7972;Ellignies-Saint-Anne;Ellignies-Saint-Anne;Henegouwen
7972;Quevaucamps;Quevaucamps;Henegouwen
7973;Grandglise;Grandglise;Henegouwen
7973;Stambruges;Stambruges;Henegouwen
8000;BRUGGE;BRUGGE;West-Vlaanderen
8000;Koolkerke;Koolkerke;West-Vlaanderen
8020;Hertsberge;Hertsberge;West-Vlaanderen
8020;OOSTKAMP;OOSTKAMP;West-Vlaanderen
8020;Ruddervoorde;Ruddervoorde;West-Vlaanderen
8020;Waardamme;Waardamme;West-Vlaanderen
8200;Sint-Andries;Sint-Andries;West-Vlaanderen
8200;Sint-Michiels;Sint-Michiels;West-Vlaanderen
8210;Loppem;Loppem;West-Vlaanderen
8210;Veldegem;Veldegem;West-Vlaanderen
8210;ZEDELGEM;ZEDELGEM;West-Vlaanderen
8211;Aartrijke;Aartrijke;West-Vlaanderen
8300;Knokke;Knokke;West-Vlaanderen
8300;Westkapelle;Westkapelle;West-Vlaanderen
8301;Heist-Aan-Zee;Heist-Aan-Zee;West-Vlaanderen
8301;Ramskapelle;Ramskapelle;West-Vlaanderen
8310;Assebroek;Assebroek;West-Vlaanderen
8310;Sint-Kruis;Sint-Kruis;West-Vlaanderen
8340;DAMME;DAMME;West-Vlaanderen
8340;Hoeke;Hoeke;West-Vlaanderen
8340;Lapscheure;Lapscheure;West-Vlaanderen
8340;Moerkerke;Moerkerke;West-Vlaanderen
8340;Oostkerke;Oostkerke;West-Vlaanderen
8340;Sijsele;Sijsele;West-Vlaanderen
8370;BLANKENBERGE;BLANKENBERGE;West-Vlaanderen
8370;Uitkerke;Uitkerke;West-Vlaanderen
8377;Houtave;Houtave;West-Vlaanderen
8377;Meetkerke;Meetkerke;West-Vlaanderen
8377;Nieuwmunster;Nieuwmunster;West-Vlaanderen
8377;ZUIENKERKE;ZUIENKERKE;West-Vlaanderen
8380;Dudzele;Dudzele;West-Vlaanderen
8380;Lissewege;Lissewege;West-Vlaanderen
8380;Zeebrugge;Zeebrugge;West-Vlaanderen
8400;OOSTENDE;OOSTENDE;West-Vlaanderen
8400;Stene;Stene;West-Vlaanderen
8400;Zandvoorde;Zandvoorde;West-Vlaanderen
8420;DE HAAN;DE HAAN;West-Vlaanderen
8420;Klemskerke;Klemskerke;West-Vlaanderen
8420;Wenduine;Wenduine;West-Vlaanderen
8421;Vlissegem;Vlissegem;West-Vlaanderen
8430;MIDDELKERKE;MIDDELKERKE;West-Vlaanderen
8431;Wilskerke;Wilskerke;West-Vlaanderen
8432;Leffinge;Leffinge;West-Vlaanderen
8433;Mannekensvere;Mannekensvere;West-Vlaanderen
8433;Schore;Schore;West-Vlaanderen
8433;Sint-Pieters-Kapelle;Sint-Pieters-Kapelle;West-Vlaanderen
8433;Slijpe;Slijpe;West-Vlaanderen
8434;Lombardsijde;Lombardsijde;West-Vlaanderen
8434;Westende;Westende;West-Vlaanderen
8450;BREDENE;BREDENE;West-Vlaanderen
8460;Ettelgem;Ettelgem;West-Vlaanderen
8460;OUDENBURG;OUDENBURG;West-Vlaanderen
8460;Roksem;Roksem;West-Vlaanderen
8460;Westkerke;Westkerke;West-Vlaanderen
8470;GISTEL;GISTEL;West-Vlaanderen
8470;Moere;Moere;West-Vlaanderen
8470;Snaaskerke;Snaaskerke;West-Vlaanderen
8470;Zevekote;Zevekote;West-Vlaanderen
8480;Bekegem;Bekegem;West-Vlaanderen
8480;Eernegem;Eernegem;West-Vlaanderen
8480;ICHTEGEM;ICHTEGEM;West-Vlaanderen
8490;JABBEKE;JABBEKE;West-Vlaanderen
8490;Snellegem;Snellegem;West-Vlaanderen
8490;Stalhille;Stalhille;West-Vlaanderen
8490;Varsenare;Varsenare;West-Vlaanderen
8490;Zerkegem;Zerkegem;West-Vlaanderen
8500;KORTRIJK;KORTRIJK;West-Vlaanderen
8501;Bissegem;Bissegem;West-Vlaanderen
8501;Heule;Heule;West-Vlaanderen
8510;Bellegem;Bellegem;West-Vlaanderen
8510;Kooigem;Kooigem;West-Vlaanderen
8510;Marke;Marke;West-Vlaanderen
8510;Rollegem;Rollegem;West-Vlaanderen
8511;Aalbeke;Aalbeke;West-Vlaanderen
8520;KUURNE;KUURNE;West-Vlaanderen
8530;HARELBEKE;HARELBEKE;West-Vlaanderen
8531;Bavikhove;Bavikhove;West-Vlaanderen
8531;Hulste;Hulste;West-Vlaanderen
8540;DEERLIJK;DEERLIJK;West-Vlaanderen
8550;ZWEVEGEM;ZWEVEGEM;West-Vlaanderen
8551;Heestert;Heestert;West-Vlaanderen
8552;Moen;Moen;West-Vlaanderen
8553;Otegem;Otegem;West-Vlaanderen
8554;Sint-Denijs;Sint-Denijs;West-Vlaanderen
8560;Gullegem;Gullegem;West-Vlaanderen
8560;Moorsele;Moorsele;West-Vlaanderen
8560;WEVELGEM;WEVELGEM;West-Vlaanderen
8570;ANZEGEM;ANZEGEM;West-Vlaanderen
8570;Gijzelbrechtegem;Gijzelbrechtegem;West-Vlaanderen
8570;Ingooigem;Ingooigem;West-Vlaanderen
8570;Vichte;Vichte;West-Vlaanderen
8572;Kaster;Kaster;West-Vlaanderen
8573;Tiegem;Tiegem;West-Vlaanderen
8580;AVELGEM;AVELGEM;West-Vlaanderen
8581;Kerkhove;Kerkhove;West-Vlaanderen
8581;Waarmaarde;Waarmaarde;West-Vlaanderen
8582;Outrijve;Outrijve;West-Vlaanderen
8583;Bossuit;Bossuit;West-Vlaanderen
8587;Helkijn;Espierres;West-Vlaanderen
8587;Spiere;Helchin;West-Vlaanderen
8600;Beerst;Beerst;West-Vlaanderen
8600;DIKSMUIDE;DIKSMUIDE;West-Vlaanderen
8600;Driekapellen;Driekapellen;West-Vlaanderen
8600;Esen;Esen;West-Vlaanderen
8600;Kaaskerke;Kaaskerke;West-Vlaanderen
8600;Keiem;Keiem;West-Vlaanderen
8600;Lampernisse;Lampernisse;West-Vlaanderen
8600;Leke;Leke;West-Vlaanderen
8600;Nieuwkapelle;Nieuwkapelle;West-Vlaanderen
8600;Oostkerke;Oostkerke;West-Vlaanderen
8600;Oudekapelle;Oudekapelle;West-Vlaanderen
8600;Pervijze;Pervijze;West-Vlaanderen
8600;Sint-Jacobs-Kapelle;Sint-Jacobs-Kapelle;West-Vlaanderen
8600;Stuivekenskerke;Stuivekenskerke;West-Vlaanderen
8600;Vladslo;Vladslo;West-Vlaanderen
8600;Woumen;Woumen;West-Vlaanderen
8610;Handzame;Handzame;West-Vlaanderen
8610;KORTEMARK;KORTEMARK;West-Vlaanderen
8610;Werken;Werken;West-Vlaanderen
8610;Zarren;Zarren;West-Vlaanderen
8620;NIEUWPOORT;NIEUWPOORT;West-Vlaanderen
8620;Ramskapelle;Ramskapelle;West-Vlaanderen
8620;Sint-Joris;Sint-Joris;West-Vlaanderen
8630;Avekapelle;Avekapelle;West-Vlaanderen
8630;Booitshoeke;Booitshoeke;West-Vlaanderen
8630;Bulskamp;Bulskamp;West-Vlaanderen
8630;De Moeren;De Moeren;West-Vlaanderen
8630;Eggewaartskapelle;Eggewaartskapelle;West-Vlaanderen
8630;Houtem;Houtem;West-Vlaanderen
8630;Steenkerke;Steenkerke;West-Vlaanderen
8630;VEURNE;VEURNE;West-Vlaanderen
8630;Vinkem;Vinkem;West-Vlaanderen
8630;Wulveringem;Wulveringem;West-Vlaanderen
8630;Zoutenaaie;Zoutenaaie;West-Vlaanderen
8640;Oostvleteren;Oostvleteren;West-Vlaanderen
8640;Westvleteren;Westvleteren;West-Vlaanderen
8640;Woesten;Woesten;West-Vlaanderen
8647;Lo;Lo;West-Vlaanderen
8647;Noordschote;Noordschote;West-Vlaanderen
8647;Pollinkhove;Pollinkhove;West-Vlaanderen
8647;Reninge;Reninge;West-Vlaanderen
8650;HOUTHULST;HOUTHULST;West-Vlaanderen
8650;Klerken;Klerken;West-Vlaanderen
8650;Merkem;Merkem;West-Vlaanderen
8660;Adinkerke;Adinkerke;West-Vlaanderen
8660;DE PANNE;DE PANNE;West-Vlaanderen
8670;KOKSIJDE;KOKSIJDE;West-Vlaanderen
8670;Oostduinkerke;Oostduinkerke;West-Vlaanderen
8670;Wulpen;Wulpen;West-Vlaanderen
8680;Bovekerke;Bovekerke;West-Vlaanderen
8680;KOEKELARE;KOEKELARE;West-Vlaanderen
8680;Zande;Zande;West-Vlaanderen
8690;ALVERINGEM;ALVERINGEM;West-Vlaanderen
8690;Hoogstade;Hoogstade;West-Vlaanderen
8690;Oeren;Oeren;West-Vlaanderen
8690;Sint-Rijkers;Sint-Rijkers;West-Vlaanderen
8691;Beveren-Aan-De-Ijzer;Beveren-Aan-De-Ijzer;West-Vlaanderen
8691;Gijverinkhove;Gijverinkhove;West-Vlaanderen
8691;Izenberge;Izenberge;West-Vlaanderen
8691;Leisele;Leisele;West-Vlaanderen
8691;Stavele;Stavele;West-Vlaanderen
8700;Aarsele;Aarsele;West-Vlaanderen
8700;Kanegem;Kanegem;West-Vlaanderen
8700;Schuiferskapelle;Schuiferskapelle;West-Vlaanderen
8700;TIELT;TIELT;West-Vlaanderen
8710;Ooigem;Ooigem;West-Vlaanderen
8710;Sint-Baafs-Vijve;Sint-Baafs-Vijve;West-Vlaanderen
8710;WIELSBEKE;WIELSBEKE;West-Vlaanderen
8720;DENTERGEM;DENTERGEM;West-Vlaanderen
8720;Markegem;Markegem;West-Vlaanderen
8720;Oeselgem;Oeselgem;West-Vlaanderen
8720;Wakken;Wakken;West-Vlaanderen
8730;BEERNEM;BEERNEM;West-Vlaanderen
8730;Oedelem;Oedelem;West-Vlaanderen
8730;Sint-Joris;Sint-Joris;West-Vlaanderen
8740;Egem;Egem;West-Vlaanderen
8740;PITTEM;PITTEM;West-Vlaanderen
8750;WINGENE;WINGENE;West-Vlaanderen
8750;Zwevezele;Zwevezele;West-Vlaanderen
8755;RUISELEDE;RUISELEDE;West-Vlaanderen
8760;MEULEBEKE;MEULEBEKE;West-Vlaanderen
8770;INGELMUNSTER;INGELMUNSTER;West-Vlaanderen
8780;OOSTROZEBEKE;OOSTROZEBEKE;West-Vlaanderen
8790;WAREGEM;WAREGEM;West-Vlaanderen
8791;Beveren;Beveren;West-Vlaanderen
8792;Desselgem;Desselgem;West-Vlaanderen
8793;Sint-Eloois-Vijve;Sint-Eloois-Vijve;West-Vlaanderen
8800;Beveren;Beveren;West-Vlaanderen
8800;Oekene;Oekene;West-Vlaanderen
8800;ROESELARE;ROESELARE;West-Vlaanderen
8800;Rumbeke;Rumbeke;West-Vlaanderen
8810;LICHTERVELDE;LICHTERVELDE;West-Vlaanderen
8820;TORHOUT;TORHOUT;West-Vlaanderen
8830;Gits;Gits;West-Vlaanderen
8830;HOOGLEDE;HOOGLEDE;West-Vlaanderen
8840;Oostnieuwkerke;Oostnieuwkerke;West-Vlaanderen
8840;STADEN;STADEN;West-Vlaanderen
8840;Westrozebeke;Westrozebeke;West-Vlaanderen
8850;ARDOOIE;ARDOOIE;West-Vlaanderen
8851;Koolskamp;Koolskamp;West-Vlaanderen
8860;LENDELEDE;LENDELEDE;West-Vlaanderen
8870;Emelgem;Emelgem;West-Vlaanderen
8870;IZEGEM;IZEGEM;West-Vlaanderen
8870;Kachtem;Kachtem;West-Vlaanderen
8880;LEDEGEM;LEDEGEM;West-Vlaanderen
8880;Rollegem-Kapelle;Rollegem-Kapelle;West-Vlaanderen
8880;Sint-Eloois-Winkel;Sint-Eloois-Winkel;West-Vlaanderen
8890;Dadizele;Dadizele;West-Vlaanderen
8890;MOORSLEDE;MOORSLEDE;West-Vlaanderen
8900;Brielen;Brielen;West-Vlaanderen
8900;Dikkebus;Dikkebus;West-Vlaanderen
8900;IEPER;IEPER;West-Vlaanderen
8900;Sint-Jan;Sint-Jan;West-Vlaanderen
8902;Hollebeke;Hollebeke;West-Vlaanderen
8902;Voormezele;Voormezele;West-Vlaanderen
8902;Zillebeke;Zillebeke;West-Vlaanderen
8904;Boezinge;Boezinge;West-Vlaanderen
8904;Zuidschote;Zuidschote;West-Vlaanderen
8906;Elverdinge;Elverdinge;West-Vlaanderen
8908;Vlamertinge;Vlamertinge;West-Vlaanderen
8920;Bikschote;Bikschote;West-Vlaanderen
8920;Langemark;Langemark;West-Vlaanderen
8920;Poelkapelle;Poelkapelle;West-Vlaanderen
8930;Lauwe;Lauwe;West-Vlaanderen
8930;MENEN;MENEN;West-Vlaanderen
8930;Rekkem;Rekkem;West-Vlaanderen
8940;Geluwe;Geluwe;West-Vlaanderen
8940;WERVIK;WERVIK;West-Vlaanderen
8950;Nieuwkerke;Nieuwkerke;West-Vlaanderen
8951;Dranouter;Dranouter;West-Vlaanderen
8952;Wulvergem;Wulvergem;West-Vlaanderen
8953;Wijtschate;Wijtschate;West-Vlaanderen
8954;Westouter;Westouter;West-Vlaanderen
8956;Kemmel;Kemmel;West-Vlaanderen
8957;MESEN;MESSINES;West-Vlaanderen
8958;Loker;Loker;West-Vlaanderen
8970;POPERINGE;POPERINGE;West-Vlaanderen
8970;Reningelst;Reningelst;West-Vlaanderen
8972;Krombeke;Krombeke;West-Vlaanderen
8972;Proven;Proven;West-Vlaanderen
8972;Roesbrugge-Haringe;Roesbrugge-Haringe;West-Vlaanderen
8978;Watou;Watou;West-Vlaanderen
8980;Beselare;Beselare;West-Vlaanderen
8980;Geluveld;Geluveld;West-Vlaanderen
8980;Passendale;Passendale;West-Vlaanderen
8980;Zandvoorde;Zandvoorde;West-Vlaanderen
8980;ZONNEBEKE;ZONNEBEKE;West-Vlaanderen
9000;GENT;GENT;Oost-Vlaanderen 
9030;Mariakerke;Mariakerke;Oost-Vlaanderen 
9031;Drongen;Drongen;Oost-Vlaanderen 
9032;Wondelgem;Wondelgem;Oost-Vlaanderen 
9040;Sint-Amandsberg;Sint-Amandsberg;Oost-Vlaanderen 
9041;Oostakker;Oostakker;Oost-Vlaanderen 
9042;Desteldonk;Desteldonk;Oost-Vlaanderen 
9042;Mendonk;Mendonk;Oost-Vlaanderen 
9042;Sint-Kruis-Winkel;Sint-Kruis-Winkel;Oost-Vlaanderen 
9050;Gentbrugge;Gentbrugge;Oost-Vlaanderen 
9050;Ledeberg;Ledeberg;Oost-Vlaanderen 
9051;Afsnee;Afsnee;Oost-Vlaanderen 
9051;Sint-Denijs-Westrem;Sint-Denijs-Westrem;Oost-Vlaanderen 
9052;Zwijnaarde;Zwijnaarde;Oost-Vlaanderen 
9060;ZELZATE;ZELZATE;Oost-Vlaanderen 
9070;DESTELBERGEN;DESTELBERGEN;Oost-Vlaanderen 
9070;Heusden;Heusden;Oost-Vlaanderen 
9080;Beervelde;Beervelde;Oost-Vlaanderen 
9080;LOCHRISTI;LOCHRISTI;Oost-Vlaanderen 
9080;Zaffelare;Zaffelare;Oost-Vlaanderen 
9080;Zeveneken;Zeveneken;Oost-Vlaanderen 
9090;Gontrode;Gontrode;Oost-Vlaanderen 
9090;MELLE;MELLE;Oost-Vlaanderen 
9099;Gent X;Gent X;
9100;Nieuwkerken-Waas;Nieuwkerken-Waas;Oost-Vlaanderen 
9100;SINT-NIKLAAS;SINT-NIKLAAS;Oost-Vlaanderen 
9111;Belsele;Belsele;Oost-Vlaanderen 
9112;Sinaai-Waas;Sinaai-Waas;Oost-Vlaanderen 
9120;BEVEREN-WAAS;BEVEREN-WAAS;Oost-Vlaanderen 
9120;Haasdonk;Haasdonk;Oost-Vlaanderen 
9120;Kallo;Kallo;Oost-Vlaanderen 
9120;Melsele;Melsele;Oost-Vlaanderen 
9120;Vrasene;Vrasene;Oost-Vlaanderen 
9130;Doel;Doel;Oost-Vlaanderen 
9130;Kallo;Kallo;Oost-Vlaanderen 
9130;Kieldrecht;Kieldrecht;Oost-Vlaanderen 
9130;Verrebroek;Verrebroek;Oost-Vlaanderen 
9140;Elversele;Elversele;Oost-Vlaanderen 
9140;Steendorp;Steendorp;Oost-Vlaanderen 
9140;TEMSE;TEMSE;Oost-Vlaanderen 
9140;Tielrode;Tielrode;Oost-Vlaanderen 
9150;Bazel;Bazel;Oost-Vlaanderen 
9150;KRUIBEKE;KRUIBEKE;Oost-Vlaanderen 
9150;Rupelmonde;Rupelmonde;Oost-Vlaanderen 
9160;Daknam;Daknam;Oost-Vlaanderen 
9160;Eksaarde;Eksaarde;Oost-Vlaanderen 
9160;LOKEREN;LOKEREN;Oost-Vlaanderen 
9170;De Klinge;De Klinge;Oost-Vlaanderen 
9170;Meerdonk;Meerdonk;Oost-Vlaanderen 
9170;SINT-GILLIS-WAAS;SINT-GILLIS-WAAS;Oost-Vlaanderen 
9170;Sint-Pauwels;Sint-Pauwels;Oost-Vlaanderen 
9180;MOERBEKE-WAAS;MOERBEKE-WAAS;Oost-Vlaanderen 
9185;WACHTEBEKE;WACHTEBEKE;Oost-Vlaanderen 
9190;Kemzeke;Kemzeke;Oost-Vlaanderen 
9190;STEKENE;STEKENE;Oost-Vlaanderen 
9200;Appels;Appels;Oost-Vlaanderen 
9200;Baasrode;Baasrode;Oost-Vlaanderen 
9200;DENDERMONDE;DENDERMONDE;Oost-Vlaanderen 
9200;Grembergen;Grembergen;Oost-Vlaanderen 
9200;Mespelare;Mespelare;Oost-Vlaanderen 
9200;Oudegem;Oudegem;Oost-Vlaanderen 
9200;Schoonaarde;Schoonaarde;Oost-Vlaanderen 
9200;Sint-Gillis-Dendermonde;Sint-Gillis-Dendermonde;Oost-Vlaanderen 
9220;HAMME;HAMME;Oost-Vlaanderen 
9220;Moerzeke;Moerzeke;Oost-Vlaanderen 
9230;Massemen;Massemen;Oost-Vlaanderen 
9230;Westrem;Westrem;Oost-Vlaanderen 
9230;WETTEREN;WETTEREN;Oost-Vlaanderen 
9240;ZELE;ZELE;Oost-Vlaanderen 
9250;WAASMUNSTER;WAASMUNSTER;Oost-Vlaanderen 
9255;BUGGENHOUT;BUGGENHOUT;Oost-Vlaanderen 
9255;Opdorp;Opdorp;Oost-Vlaanderen 
9260;Schellebelle;Schellebelle;Oost-Vlaanderen 
9260;Serskamp;Serskamp;Oost-Vlaanderen 
9260;WICHELEN;WICHELEN;Oost-Vlaanderen 
9270;Kalken;Kalken;Oost-Vlaanderen 
9270;LAARNE;LAARNE;Oost-Vlaanderen 
9280;Denderbelle;Denderbelle;Oost-Vlaanderen 
9280;LEBBEKE;LEBBEKE;Oost-Vlaanderen 
9280;Wieze;Wieze;Oost-Vlaanderen 
9290;BERLARE;BERLARE;Oost-Vlaanderen 
9290;Overmere;Overmere;Oost-Vlaanderen 
9290;Uitbergen;Uitbergen;Oost-Vlaanderen 
9300;AALST;AALST;Oost-Vlaanderen 
9308;Gijzegem;Gijzegem;Oost-Vlaanderen 
9308;Hofstade;Hofstade;Oost-Vlaanderen 
9310;Baardegem;Baardegem;Oost-Vlaanderen 
9310;Herdersem;Herdersem;Oost-Vlaanderen 
9310;Meldert;Meldert;Oost-Vlaanderen 
9310;Moorsel;Moorsel;Oost-Vlaanderen 
9320;Erembodegem;Erembodegem;Oost-Vlaanderen 
9320;Nieuwerkerken;Nieuwerkerken;Oost-Vlaanderen 
9340;Impe;Impe;Oost-Vlaanderen 
9340;LEDE;LEDE;Oost-Vlaanderen 
9340;Oordegem;Oordegem;Oost-Vlaanderen 
9340;Smetlede;Smetlede;Oost-Vlaanderen 
9340;Wanzele;Wanzele;Oost-Vlaanderen 
9400;Appelterre-Eichem;Appelterre-Eichem;Oost-Vlaanderen 
9400;Denderwindeke;Denderwindeke;Oost-Vlaanderen 
9400;Lieferinge;Lieferinge;Oost-Vlaanderen 
9400;Nederhasselt;Nederhasselt;Oost-Vlaanderen 
9400;NINOVE;NINOVE;Oost-Vlaanderen 
9400;Okegem;Okegem;Oost-Vlaanderen 
9400;Voorde;Voorde;Oost-Vlaanderen 
9401;Pollare;Pollare;Oost-Vlaanderen 
9402;Meerbeke;Meerbeke;Oost-Vlaanderen 
9403;Neigem;Neigem;Oost-Vlaanderen 
9404;Aspelare;Aspelare;Oost-Vlaanderen 
9406;Outer;Outer;Oost-Vlaanderen 
9420;Aaigem;Aaigem;Oost-Vlaanderen 
9420;Bambrugge;Bambrugge;Oost-Vlaanderen 
9420;Burst;Burst;Oost-Vlaanderen 
9420;Erondegem;Erondegem;Oost-Vlaanderen 
9420;Erpe;Erpe;Oost-Vlaanderen 
9420;Mere;Mere;Oost-Vlaanderen 
9420;Ottergem;Ottergem;Oost-Vlaanderen 
9420;Vlekkem;Vlekkem;Oost-Vlaanderen 
9450;Denderhoutem;Denderhoutem;Oost-Vlaanderen 
9450;HAALTERT;HAALTERT;Oost-Vlaanderen 
9450;Heldergem;Heldergem;Oost-Vlaanderen 
9451;Kerksken;Kerksken;Oost-Vlaanderen 
9470;DENDERLEEUW;DENDERLEEUW;Oost-Vlaanderen 
9472;Iddergem;Iddergem;Oost-Vlaanderen 
9473;Welle;Welle;Oost-Vlaanderen 
9500;GERAARDSBERGEN;GERAARDSBERGEN;Oost-Vlaanderen 
9500;Goeferdinge;Goeferdinge;Oost-Vlaanderen 
9500;Moerbeke;Moerbeke;Oost-Vlaanderen 
9500;Nederboelare;Nederboelare;Oost-Vlaanderen 
9500;Onkerzele;Onkerzele;Oost-Vlaanderen 
9500;Ophasselt;Ophasselt;Oost-Vlaanderen 
9500;Overboelare;Overboelare;Oost-Vlaanderen 
9500;Viane;Viane;Oost-Vlaanderen 
9500;Zarlardinge;Zarlardinge;Oost-Vlaanderen 
9506;Grimminge;Grimminge;Oost-Vlaanderen 
9506;Idegem;Idegem;Oost-Vlaanderen 
9506;Nieuwenhove;Nieuwenhove;Oost-Vlaanderen 
9506;Schendelbeke;Schendelbeke;Oost-Vlaanderen 
9506;Smeerebbe-Vloerzegem;Smeerebbe-Vloerzegem;Oost-Vlaanderen 
9506;Waarbeke;Waarbeke;Oost-Vlaanderen 
9506;Zandbergen;Zandbergen;Oost-Vlaanderen 
9520;Bavegem;Bavegem;Oost-Vlaanderen 
9520;Oombergen;Oombergen;Oost-Vlaanderen 
9520;SINT-LIEVENS-HOUTEM;SINT-LIEVENS-HOUTEM;Oost-Vlaanderen 
9520;Vlierzele;Vlierzele;Oost-Vlaanderen 
9520;Zonnegem;Zonnegem;Oost-Vlaanderen 
9521;Letterhoutem;Letterhoutem;Oost-Vlaanderen 
9550;HERZELE;HERZELE;Oost-Vlaanderen 
9550;Hillegem;Hillegem;Oost-Vlaanderen 
9550;Sint-Antelinks;Sint-Antelinks;Oost-Vlaanderen 
9550;Sint-Lievens-Esse;Sint-Lievens-Esse;Oost-Vlaanderen 
9550;Steenhuize-Wijnhuize;Steenhuize-Wijnhuize;Oost-Vlaanderen 
9550;Woubrechtegem;Woubrechtegem;Oost-Vlaanderen 
9551;Ressegem;Ressegem;Oost-Vlaanderen 
9552;Borsbeke;Borsbeke;Oost-Vlaanderen 
9570;Deftinge;Deftinge;Oost-Vlaanderen 
9570;Sint-Maria-Lierde;Sint-Maria-Lierde;Oost-Vlaanderen 
9571;Hemelveerdegem;Hemelveerdegem;Oost-Vlaanderen 
9572;Sint-Martens-Lierde;Sint-Martens-Lierde;Oost-Vlaanderen 
9600;RONSE;RENAIX;Oost-Vlaanderen 
9620;Elene;Elene;Oost-Vlaanderen 
9620;Erwetegem;Erwetegem;Oost-Vlaanderen 
9620;Godveerdegem;Godveerdegem;Oost-Vlaanderen 
9620;Grotenberge;Grotenberge;Oost-Vlaanderen 
9620;Leeuwergem;Leeuwergem;Oost-Vlaanderen 
9620;Oombergen;Oombergen;Oost-Vlaanderen 
9620;Sint-Goriks-Oudenhove;Sint-Goriks-Oudenhove;Oost-Vlaanderen 
9620;Sint-Maria-Oudenhove;Sint-Maria-Oudenhove;Oost-Vlaanderen 
9620;Strijpen;Strijpen;Oost-Vlaanderen 
9620;Velzeke-Ruddershove;Velzeke-Ruddershove;Oost-Vlaanderen 
9620;ZOTTEGEM;ZOTTEGEM;Oost-Vlaanderen 
9630;Beerlegem;Beerlegem;Oost-Vlaanderen 
9630;Dikkele;Dikkele;Oost-Vlaanderen 
9630;Hundelgem;Hundelgem;Oost-Vlaanderen 
9630;Meilegem;Meilegem;Oost-Vlaanderen 
9630;Munkzwalm;Munkzwalm;Oost-Vlaanderen 
9630;Paulatem;Paulatem;Oost-Vlaanderen 
9630;Roborst;Roborst;Oost-Vlaanderen 
9630;Rozebeke;Rozebeke;Oost-Vlaanderen 
9630;Sint-Blasius-Boekel;Sint-Blasius-Boekel;Oost-Vlaanderen 
9630;Sint-Denijs-Boekel;Sint-Denijs-Boekel;Oost-Vlaanderen 
9630;Sint-Maria-Latem;Sint-Maria-Latem;Oost-Vlaanderen 
9636;Nederzwalm-Hermelgem;Nederzwalm-Hermelgem;Oost-Vlaanderen 
9660;BRAKEL;BRAKEL;Oost-Vlaanderen 
9660;Elst;Elst;Oost-Vlaanderen 
9660;Everbeek;Everbeek;Oost-Vlaanderen 
9660;Michelbeke;Michelbeke;Oost-Vlaanderen 
9660;Nederbrakel;Nederbrakel;Oost-Vlaanderen 
9660;Opbrakel;Opbrakel;Oost-Vlaanderen 
9660;Sint-Maria-Oudenhove;Sint-Maria-Oudenhove;Oost-Vlaanderen 
9660;Zegelsem;Zegelsem;Oost-Vlaanderen 
9661;Parike;Parike;Oost-Vlaanderen 
9667;Sint-Kornelis-Horebeke;Sint-Kornelis-Horebeke;Oost-Vlaanderen 
9667;Sint-Maria-Horebeke;Sint-Maria-Horebeke;Oost-Vlaanderen 
9680;Etikhove;Etikhove;Oost-Vlaanderen 
9680;Maarke-Kerkem;Maarke-Kerkem;Oost-Vlaanderen 
9681;Nukerke;Nukerke;Oost-Vlaanderen 
9688;Schorisse;Schorisse;Oost-Vlaanderen 
9690;Berchem;Berchem;Oost-Vlaanderen 
9690;Kwaremont;Kwaremont;Oost-Vlaanderen 
9690;Ruien;Ruien;Oost-Vlaanderen 
9690;Zulzeke;Zulzeke;Oost-Vlaanderen 
9700;Bevere;Bevere;Oost-Vlaanderen 
9700;Edelare;Edelare;Oost-Vlaanderen 
9700;Eine;Eine;Oost-Vlaanderen 
9700;Ename;Ename;Oost-Vlaanderen 
9700;Heurne;Heurne;Oost-Vlaanderen 
9700;Leupegem;Leupegem;Oost-Vlaanderen 
9700;Mater;Mater;Oost-Vlaanderen 
9700;Melden;Melden;Oost-Vlaanderen 
9700;Mullem;Mullem;Oost-Vlaanderen 
9700;Nederename;Nederename;Oost-Vlaanderen 
9700;Ooike;Ooike;Oost-Vlaanderen 
9700;OUDENAARDE;OUDENAARDE;Oost-Vlaanderen 
9700;Volkegem;Volkegem;Oost-Vlaanderen 
9700;Welden;Welden;Oost-Vlaanderen 
9750;Huise;Huise;Oost-Vlaanderen 
9750;Ouwegem;Ouwegem;Oost-Vlaanderen 
9750;ZINGEM;ZINGEM;Oost-Vlaanderen 
9770;KRUISHOUTEM;KRUISHOUTEM;Oost-Vlaanderen 
9771;Nokere;Nokere;Oost-Vlaanderen 
9772;Wannegem-Lede;Wannegem-Lede;Oost-Vlaanderen 
9790;Elsegem;Elsegem;Oost-Vlaanderen 
9790;Moregem;Moregem;Oost-Vlaanderen 
9790;Ooike;Ooike;Oost-Vlaanderen 
9790;Petegem-Aan-De-Schelde;Petegem-Aan-De-Schelde;Oost-Vlaanderen 
9790;Wortegem;Wortegem;Oost-Vlaanderen 
9800;Astene;Astene;Oost-Vlaanderen 
9800;Bachte-Maria-Leerne;Bachte-Maria-Leerne;Oost-Vlaanderen 
9800;DEINZE;DEINZE;Oost-Vlaanderen 
9800;Gottem;Gottem;Oost-Vlaanderen 
9800;Grammene;Grammene;Oost-Vlaanderen 
9800;Meigem;Meigem;Oost-Vlaanderen 
9800;Petegem-Aan-De-Leie;Petegem-Aan-De-Leie;Oost-Vlaanderen 
9800;Sint-Martens-Leerne;Sint-Martens-Leerne;Oost-Vlaanderen 
9800;Vinkt;Vinkt;Oost-Vlaanderen 
9800;Wontergem;Wontergem;Oost-Vlaanderen 
9800;Zeveren;Zeveren;Oost-Vlaanderen 
9810;Eke;Eke;Oost-Vlaanderen 
9810;NAZARETH;NAZARETH;Oost-Vlaanderen 
9820;Bottelare;Bottelare;Oost-Vlaanderen 
9820;Lemberge;Lemberge;Oost-Vlaanderen 
9820;Melsen;Melsen;Oost-Vlaanderen 
9820;MERELBEKE;MERELBEKE;Oost-Vlaanderen 
9820;Munte;Munte;Oost-Vlaanderen 
9820;Schelderode;Schelderode;Oost-Vlaanderen 
9830;SINT-MARTENS-LATEM;SINT-MARTENS-LATEM;Oost-Vlaanderen 
9831;Deurle;Deurle;Oost-Vlaanderen 
9840;DE PINTE;DE PINTE;Oost-Vlaanderen 
9840;Zevergem;Zevergem;Oost-Vlaanderen 
9850;Hansbeke;Hansbeke;Oost-Vlaanderen 
9850;Landegem;Landegem;Oost-Vlaanderen 
9850;Merendree;Merendree;Oost-Vlaanderen 
9850;NEVELE;NEVELE;Oost-Vlaanderen 
9850;Poesele;Poesele;Oost-Vlaanderen 
9850;Vosselare;Vosselare;Oost-Vlaanderen 
9860;Balegem;Balegem;Oost-Vlaanderen 
9860;Gijzenzele;Gijzenzele;Oost-Vlaanderen 
9860;Landskouter;Landskouter;Oost-Vlaanderen 
9860;Moortsele;Moortsele;Oost-Vlaanderen 
9860;OOSTERZELE;OOSTERZELE;Oost-Vlaanderen 
9860;Scheldewindeke;Scheldewindeke;Oost-Vlaanderen 
9870;Machelen;Machelen;Oost-Vlaanderen 
9870;Olsene;Olsene;Oost-Vlaanderen 
9870;ZULTE;ZULTE;Oost-Vlaanderen 
9880;AALTER;AALTER;Oost-Vlaanderen 
9880;Lotenhulle;Lotenhulle;Oost-Vlaanderen 
9880;Poeke;Poeke;Oost-Vlaanderen 
9881;Bellem;Bellem;Oost-Vlaanderen 
9890;Asper;Asper;Oost-Vlaanderen 
9890;Baaigem;Baaigem;Oost-Vlaanderen 
9890;Dikkelvenne;Dikkelvenne;Oost-Vlaanderen 
9890;GAVERE;GAVERE;Oost-Vlaanderen 
9890;Semmerzake;Semmerzake;Oost-Vlaanderen 
9890;Vurste;Vurste;Oost-Vlaanderen 
9900;EEKLO;EEKLO;Oost-Vlaanderen 
9910;KNESSELARE;KNESSELARE;Oost-Vlaanderen 
9910;Ursel;Ursel;Oost-Vlaanderen 
9920;LOVENDEGEM;LOVENDEGEM;Oost-Vlaanderen 
9921;Vinderhoute;Vinderhoute;Oost-Vlaanderen 
9930;ZOMERGEM;ZOMERGEM;Oost-Vlaanderen 
9931;Oostwinkel;Oostwinkel;Oost-Vlaanderen 
9932;Ronsele;Ronsele;Oost-Vlaanderen 
9940;Ertvelde;Ertvelde;Oost-Vlaanderen 
9940;EVERGEM;EVERGEM;Oost-Vlaanderen 
9940;Kluizen;Kluizen;Oost-Vlaanderen 
9940;Sleidinge;Sleidinge;Oost-Vlaanderen 
9950;WAARSCHOOT;WAARSCHOOT;Oost-Vlaanderen 
9960;ASSENEDE;ASSENEDE;Oost-Vlaanderen 
9961;Boekhoute;Boekhoute;Oost-Vlaanderen 
9968;Bassevelde;Bassevelde;Oost-Vlaanderen 
9968;Oosteeklo;Oosteeklo;Oost-Vlaanderen 
9970;KAPRIJKE;KAPRIJKE;Oost-Vlaanderen 
9971;Lembeke;Lembeke;Oost-Vlaanderen 
9980;SINT-LAUREINS;SINT-LAUREINS;Oost-Vlaanderen 
9981;Sint-Margriete;Sint-Margriete;Oost-Vlaanderen 
9982;Sint-Jan-In-Eremo;Sint-Jan-In-Eremo;Oost-Vlaanderen 
9988;Waterland-Oudeman;Waterland-Oudeman;Oost-Vlaanderen 
9988;Watervliet;Watervliet;Oost-Vlaanderen 
9990;MALDEGEM;MALDEGEM;Oost-Vlaanderen 
9991;Adegem;Adegem;Oost-Vlaanderen 
9992;Middelburg;Middelburg;Oost-Vlaanderen 
